CREATE DATABASE  IF NOT EXISTS `team25_dispo` /*!40100 DEFAULT CHARACTER SET utf8 */ /*!80016 DEFAULT ENCRYPTION='N' */;
USE `team25_dispo`;
-- MySQL dump 10.13  Distrib 8.0.21, for Win64 (x86_64)
--
-- Host: 127.0.0.1    Database: team25_dispo
-- ------------------------------------------------------
-- Server version	8.0.21

/*!40101 SET @OLD_CHARACTER_SET_CLIENT=@@CHARACTER_SET_CLIENT */;
/*!40101 SET @OLD_CHARACTER_SET_RESULTS=@@CHARACTER_SET_RESULTS */;
/*!40101 SET @OLD_COLLATION_CONNECTION=@@COLLATION_CONNECTION */;
/*!50503 SET NAMES utf8 */;
/*!40103 SET @OLD_TIME_ZONE=@@TIME_ZONE */;
/*!40103 SET TIME_ZONE='+00:00' */;
/*!40014 SET @OLD_UNIQUE_CHECKS=@@UNIQUE_CHECKS, UNIQUE_CHECKS=0 */;
/*!40014 SET @OLD_FOREIGN_KEY_CHECKS=@@FOREIGN_KEY_CHECKS, FOREIGN_KEY_CHECKS=0 */;
/*!40101 SET @OLD_SQL_MODE=@@SQL_MODE, SQL_MODE='NO_AUTO_VALUE_ON_ZERO' */;
/*!40111 SET @OLD_SQL_NOTES=@@SQL_NOTES, SQL_NOTES=0 */;

--
-- Table structure for table `category`
--

DROP TABLE IF EXISTS `category`;
/*!40101 SET @saved_cs_client     = @@character_set_client */;
/*!50503 SET character_set_client = utf8mb4 */;
CREATE TABLE `category` (
  `CategoryID` int NOT NULL,
  `Category` varchar(45) DEFAULT NULL,
  PRIMARY KEY (`CategoryID`)
) ENGINE=InnoDB DEFAULT CHARSET=utf8;
/*!40101 SET character_set_client = @saved_cs_client */;

--
-- Dumping data for table `category`
--

LOCK TABLES `category` WRITE;
/*!40000 ALTER TABLE `category` DISABLE KEYS */;
INSERT INTO `category` VALUES (1,'Medicinal'),(2,'Recreational');
/*!40000 ALTER TABLE `category` ENABLE KEYS */;
UNLOCK TABLES;

--
-- Table structure for table `customers`
--

DROP TABLE IF EXISTS `customers`;
/*!40101 SET @saved_cs_client     = @@character_set_client */;
/*!50503 SET character_set_client = utf8mb4 */;
CREATE TABLE `customers` (
  `CustomerID` int NOT NULL,
  `CustomerName` varchar(45) DEFAULT NULL,
  `DateofBirth` varchar(45) DEFAULT NULL,
  `Email` varchar(45) DEFAULT NULL,
  `Phone` varchar(45) DEFAULT NULL,
  `CustType_TypeInt` int NOT NULL,
  `Doctor_DoctorID` int DEFAULT NULL,
  PRIMARY KEY (`CustomerID`),
  UNIQUE KEY `CustomerID_UNIQUE` (`CustomerID`),
  KEY `fk_Customers_CustType1_idx` (`CustType_TypeInt`),
  KEY `fk_Customers_Doctor1_idx` (`Doctor_DoctorID`),
  CONSTRAINT `fk_Customers_CustType1` FOREIGN KEY (`CustType_TypeInt`) REFERENCES `custtype` (`TypeInt`),
  CONSTRAINT `fk_Customers_Doctor1` FOREIGN KEY (`Doctor_DoctorID`) REFERENCES `doctor` (`DoctorID`)
) ENGINE=InnoDB DEFAULT CHARSET=utf8;
/*!40101 SET character_set_client = @saved_cs_client */;

--
-- Dumping data for table `customers`
--

LOCK TABLES `customers` WRITE;
/*!40000 ALTER TABLE `customers` DISABLE KEYS */;
INSERT INTO `customers` VALUES (1,'Ignaz Kemmet','3/25/1823','ikemmet0@cdc.gov','447-620-9163',1,28),(2,'Glynn Leroy','2/16/1975','gleroy1@reverbnation.com','244-206-6445',2,11),(3,'Quinn Delatour','8/10/2005','qdelatour2@blogger.com','206-156-0748',1,NULL),(4,'Alf Cranch','8/25/1867','acranch3@php.net','157-197-4708',1,20),(5,'Sammy Dmitr','10/27/1858','sdmitr4@virginia.edu','266-871-4566',2,28),(6,'Oswell Kiddye','6/10/1842','okiddye5@psu.edu','974-108-6740',1,25),(7,'Milena Jerzak','12/7/1872','mjerzak6@harvard.edu','309-532-0758',1,27),(8,'Tudor Riddler','10/19/1869','triddler7@mozilla.org','435-320-7389',1,15),(9,'Barnett Hammelberg','6/15/1968','bhammelberg8@hatena.ne.jp','974-807-5104',1,27),(10,'Yolande Blois','2/16/1929','yblois9@about.me','108-883-1317',2,5),(11,'Fabiano Killingbeck','6/24/1913','fkillingbecka@goo.ne.jp','253-996-8103',1,13),(12,'Ola Gores','6/30/1803','ogoresb@123-reg.co.uk','123-372-6959',1,19),(13,'Drucill Malec','2/19/1947','dmalecc@columbia.edu','724-592-6395',1,20),(14,'Rozelle Southernwood','1/7/1915','rsouthernwoodd@blogspot.com','893-143-6148',2,25),(15,'Steven Garret','3/9/1880','sgarrete@theatlantic.com','351-878-6293',2,10),(16,'Kerrie Waulker','11/14/1983','kwaulkerf@goo.gl','610-696-9030',2,5),(17,'Germain Birkenshaw','5/1/1952','gbirkenshawg@trellian.com','293-704-6584',1,24),(18,'Rozamond Bampforth','12/21/1977','rbampforthh@engadget.com','153-101-5308',2,30),(19,'Glenine Lissett','5/14/1872','glissetti@t-online.de','138-655-0614',1,21),(20,'Johnette Lesmonde','7/23/1870','jlesmondej@drupal.org','117-288-0553',1,26),(21,'Beverlie Chritchley','11/6/1843','bchritchleyk@tinyurl.com','380-145-0784',1,21),(22,'Seka Corkhill','8/19/1964','scorkhilll@issuu.com','508-493-3311',2,8),(23,'Yuri Vequaud','12/19/1958','yvequaudm@wikipedia.org','831-874-2360',1,4),(24,'Dory Caudrey','9/18/1835','dcaudreyn@wired.com','664-562-6016',2,30),(25,'Pietro McCrann','4/13/1840','pmccranno@ning.com','273-958-1228',2,28),(26,'Catlin Rabb','10/1/1951','crabbp@constantcontact.com','514-408-7879',2,12),(27,'Merle Hanbidge','7/4/1877','mhanbidgeq@soup.io','545-281-6119',1,23),(28,'Robina Shackleford','12/23/1948','rshacklefordr@imdb.com','510-456-5753',1,10),(29,'Honoria De Bruijne','9/22/1993','hdes@forbes.com','907-877-2583',2,27),(30,'Griz Simmon','6/29/1993','gsimmont@imageshack.us','477-182-3493',1,NULL),(31,'Sibilla Ondra','7/4/1875','sondrau@creativecommons.org','820-193-7855',1,9),(32,'Bryce Manuaud','7/8/1844','bmanuaudv@eepurl.com','727-442-1345',2,8),(33,'Clarie Sywell','1/16/2014','csywellw@shinystat.com','202-133-9345',1,6),(34,'Jethro Horry','10/9/1902','jhorryx@sphinn.com','101-113-3964',2,24),(35,'Turner Sowley','4/5/1997','tsowleyy@about.com','115-443-2077',2,10),(36,'Buddy Dignan','2/25/2016','bdignanz@about.me','544-117-0196',2,11),(37,'Georgia Braz','12/2/1816','gbraz10@thetimes.co.uk','522-653-0263',2,15),(38,'Felike Royl','6/21/1975','froyl11@taobao.com','512-173-2976',1,3),(39,'Bethany Cardoo','8/16/1833','bcardoo12@google.com','782-442-0375',1,16),(40,'Huey Truss','8/15/1809','htruss13@latimes.com','848-214-9524',1,4),(41,'Clarita Drinkale','4/29/1961','cdrinkale14@tinypic.com','994-676-5427',1,9),(42,'Salomon Brixham','2/26/1916','sbrixham15@sogou.com','446-704-2416',2,27),(43,'Ricoriki Pescud','5/22/1999','rpescud16@hostgator.com','112-520-5082',1,8),(44,'Henrie Challener','5/4/1809','hchallener17@ustream.tv','881-499-8091',1,2),(45,'Moses Simeoni','10/7/1814','msimeoni18@virginia.edu','641-115-2804',2,11),(46,'Emmy Sheed','9/26/1861','esheed19@amazon.co.uk','337-703-8013',2,18),(47,'Melinde Fincke','8/27/1871','mfincke1a@delicious.com','656-715-1551',2,30),(48,'Alick Bengochea','4/23/1880','abengochea1b@ucla.edu','873-591-5903',2,10),(49,'Art Patry','10/10/2000','apatry1c@last.fm','611-669-4531',2,24),(50,'Corabelle Addionizio','11/24/1833','caddionizio1d@mozilla.org','919-591-5748',1,18),(51,'Berkie Pichan','2/11/2002','bpichan1e@utexas.edu','453-147-4068',1,21),(52,'Emory Crews','12/21/1971','ecrews1f@scientificamerican.com','998-402-3653',1,2),(53,'Flory Collison','1/27/1921','fcollison1g@ning.com','867-780-9945',2,15),(54,'Richmond Scoterbosh','8/10/1822','rscoterbosh1h@examiner.com','686-993-8984',1,26),(55,'Gideon Tassel','12/27/2008','gtassel1i@topsy.com','217-907-5971',1,10),(56,'Vinnie Fazackerley','6/4/1890','vfazackerley1j@npr.org','665-341-3766',1,3),(57,'Cornie Collumbell','11/6/1894','ccollumbell1k@tinyurl.com','294-762-5731',2,21),(58,'Nap Suttaby','7/27/1984','nsuttaby1l@salon.com','782-373-0416',2,18),(59,'Addia Swadlin','6/5/1966','aswadlin1m@sun.com','205-174-6050',2,20),(60,'Bartholemy Langfat','7/23/1852','blangfat1n@dot.gov','469-895-4618',1,12),(61,'Keane Battaille','9/28/2009','kbattaille1o@nsw.gov.au','430-314-6458',1,10),(62,'Georgiana Castro','4/26/1957','gcastro1p@hibu.com','432-281-3024',1,3),(63,'Kara-lynn Sare','11/10/2017','ksare1q@diigo.com','329-873-1236',2,1),(64,'Maisie Videneev','2/11/1867','mvideneev1r@oaic.gov.au','965-231-7606',2,23),(65,'Nikki MacKomb','3/8/1975','nmackomb1s@nbcnews.com','818-864-6664',1,16),(66,'Linette Craiker','3/22/1861','lcraiker1t@topsy.com','666-895-5183',2,25),(67,'Clayborne Bemlott','8/29/1943','cbemlott1u@ehow.com','951-207-9759',2,30),(68,'Caren Orwell','5/1/1818','corwell1v@about.com','461-107-3396',2,18),(69,'Ariella Goodyer','8/5/1837','agoodyer1w@dailymotion.com','877-981-9121',1,7),(70,'Merilee Shayler','10/17/1879','mshayler1x@omniture.com','200-740-0693',1,24),(71,'Car Padson','7/23/1982','cpadson1y@studiopress.com','387-995-3773',1,20),(72,'Del Bertelet','7/27/1888','dbertelet1z@msn.com','982-315-1203',2,30),(73,'Barbaraanne Axe','3/8/1808','baxe20@bizjournals.com','225-917-4852',2,13),(74,'Haily Ewbanke','2/25/1952','hewbanke21@squarespace.com','504-729-1494',2,3),(75,'Arlena Finn','12/4/1944','afinn22@nhs.uk','921-956-3513',1,4),(76,'Anjanette O\'Looney','2/4/1858','aolooney23@networkadvertising.org','588-765-5881',1,10),(77,'Mavis Thewys','8/26/1994','mthewys24@plala.or.jp','765-416-4617',1,6),(78,'Lura Moralas','5/22/1989','lmoralas25@bravesites.com','551-521-5101',2,23),(79,'Gardiner Poleykett','4/28/1963','gpoleykett26@ning.com','835-352-1032',2,24),(80,'Lucine Bradneck','6/28/1861','lbradneck27@bing.com','228-476-1534',1,15),(81,'Pascal Brodway','1/30/1991','pbrodway28@fda.gov','637-354-8398',2,10),(82,'Harlen Croshaw','6/26/1921','hcroshaw29@php.net','941-752-2435',2,20),(83,'Reg Copo','12/27/1978','rcopo2a@independent.co.uk','394-100-3289',1,11),(84,'Claudelle Vardy','12/16/1936','cvardy2b@woothemes.com','188-795-9082',1,17),(85,'Keenan Attrie','7/12/1843','kattrie2c@samsung.com','597-416-9328',1,18),(86,'Ange Ryton','5/8/1801','aryton2d@wordpress.org','843-477-8386',1,1),(87,'Dillon Limeburner','7/11/1963','dlimeburner2e@example.com','872-638-7780',1,16),(88,'Borg McHale','12/18/1926','bmchale2f@t-online.de','234-452-0725',2,20),(89,'Ortensia McGinnell','7/27/1991','omcginnell2g@yellowbook.com','637-321-3857',1,5),(90,'Gerald Hobell','10/28/1854','ghobell2h@wikia.com','558-451-0029',2,5),(91,'Kristopher Blodg','4/3/1922','kblodg2i@dion.ne.jp','989-259-3848',1,13),(92,'Lucienne Curds','5/30/1885','lcurds2j@harvard.edu','810-695-7299',2,11),(93,'Andy Warret','3/6/1906','awarret2k@com.com','967-245-5293',2,2),(94,'Annadiana Cutteridge','12/21/1906','acutteridge2l@bloglines.com','446-949-3878',2,14),(95,'Dulcinea Durram','1/1/1824','ddurram2m@umn.edu','261-925-7579',2,16),(96,'Gallard Becerro','9/18/1864','gbecerro2n@ucoz.ru','439-648-6463',2,30),(97,'Bernette Peddel','3/12/1992','bpeddel2o@zdnet.com','940-950-7769',1,7),(98,'Clementina Perroni','3/11/1925','cperroni2p@aol.com','993-914-6047',2,17),(99,'Carmina Amphlett','1/5/2020','camphlett2q@ameblo.jp','893-464-0753',1,24),(100,'Salmon O\'Farris','10/28/1896','sofarris2r@usnews.com','501-228-8540',2,21),(101,'Oralie Yuille','5/9/1890','oyuille2s@shutterfly.com','505-127-5157',1,30),(102,'Eleonore Piwall','8/19/2013','epiwall2t@blog.com','883-309-3094',1,22),(103,'Birk MacCafferky','7/15/1835','bmaccafferky2u@tamu.edu','311-725-5942',2,4),(104,'Hester Brundrett','8/31/2006','hbrundrett2v@chicagotribune.com','171-425-3330',1,1),(105,'Grethel Vaudre','7/22/1878','gvaudre2w@baidu.com','157-398-0017',2,28),(106,'Ford Eytel','6/14/1909','feytel2x@barnesandnoble.com','121-989-7618',1,16),(107,'Leda Farmar','8/30/1950','lfarmar2y@dailymotion.com','602-640-2417',1,29),(108,'Fonsie Wallworth','11/15/2004','fwallworth2z@scribd.com','310-830-8560',1,8),(109,'Ashien Sapson','5/26/1916','asapson30@narod.ru','474-766-2685',1,22),(110,'Thain Varran','4/28/1971','tvarran31@chron.com','537-800-4955',2,30),(111,'Cherise Ruppele','12/6/1951','cruppele32@naver.com','363-107-4110',2,NULL),(112,'Delainey Loidl','6/5/2019','dloidl33@list-manage.com','279-979-6697',2,18),(113,'Dew Annakin','1/20/1889','dannakin34@abc.net.au','468-996-4566',1,15),(114,'Pascal Zorro','1/24/1858','pzorro35@census.gov','405-331-9654',2,NULL),(115,'Connor Worral','10/3/1972','cworral36@amazonaws.com','995-672-5977',2,25),(116,'Branden Chislett','12/7/1812','bchislett37@home.pl','776-309-1471',1,28),(117,'Wit Rignold','8/2/1833','wrignold38@salon.com','831-532-9456',1,13),(118,'Nataline Toxell','6/18/1977','ntoxell39@wired.com','650-399-9505',2,19),(119,'Reese Cahalin','7/13/1943','rcahalin3a@zimbio.com','879-380-5171',1,27),(120,'Arluene Lawrenz','8/10/1961','alawrenz3b@sina.com.cn','389-517-8604',2,15),(121,'Maitilde Ivery','5/31/1859','mivery3c@opensource.org','473-441-7104',1,4),(122,'Chiarra Leehane','11/9/1901','cleehane3d@ed.gov','102-783-7217',2,30),(123,'Monika Yakovlev','7/15/1883','myakovlev3e@admin.ch','117-200-4364',1,30),(124,'Thorstein Hubbold','5/20/1951','thubbold3f@unc.edu','858-622-4381',1,23),(125,'Cheryl Boaler','10/16/1943','cboaler3g@harvard.edu','780-563-0331',1,28),(126,'Lovell Mitrovic','11/14/1846','lmitrovic3h@zimbio.com','721-246-3562',1,3),(127,'Consalve Atwool','9/9/2019','catwool3i@cdc.gov','907-914-3516',1,6),(128,'Early Goodband','10/30/1970','egoodband3j@amazon.com','389-485-4513',1,30),(129,'Gilly Salzberger','6/12/2003','gsalzberger3k@elpais.com','375-658-2041',1,26),(130,'Ainslee Basek','2/16/1898','abasek3l@liveinternet.ru','415-471-9771',2,13),(131,'Lincoln Pheasey','5/27/1938','lpheasey3m@xing.com','835-846-3810',2,18),(132,'Etta Henkmann','11/15/1851','ehenkmann3n@hc360.com','711-550-6663',1,12),(133,'Dorri MacAree','6/19/1953','dmacaree3o@biglobe.ne.jp','767-988-5211',2,7),(134,'Eddy Finnigan','11/8/1874','efinnigan3p@techcrunch.com','478-534-4294',1,25),(135,'Cy Keedy','5/6/1909','ckeedy3q@ft.com','226-386-1753',1,25),(136,'Camille Winman','12/29/1881','cwinman3r@de.vu','173-670-0710',1,20),(137,'Sherwood Wickson','4/10/1844','swickson3s@1688.com','290-770-3197',1,14),(138,'Symon Goreway','12/9/1955','sgoreway3t@oracle.com','873-934-9763',2,20),(139,'Zacharie Clacson','1/4/1853','zclacson3u@reverbnation.com','722-327-8443',2,29),(140,'Hasty Stork','4/10/1907','hstork3v@apple.com','366-342-6869',1,8),(141,'Juliana Lamers','4/20/1942','jlamers3w@europa.eu','860-159-0193',1,19),(142,'Minna Giacomuzzo','4/30/2003','mgiacomuzzo3x@gov.uk','265-726-8786',1,15),(143,'Candis Barnwell','12/29/1826','cbarnwell3y@cafepress.com','699-488-4503',2,5),(144,'Shari Orans','8/22/1978','sorans3z@geocities.com','256-537-5675',2,1),(145,'Riley Lauks','5/27/2011','rlauks40@ed.gov','804-699-0180',2,5),(146,'Owen McCroary','5/26/1893','omccroary41@ifeng.com','335-465-7969',1,9),(147,'Walther Rickard','8/13/2017','wrickard42@ibm.com','931-801-2495',2,10),(148,'Chauncey Cope','12/20/1883','ccope43@weebly.com','184-896-8952',1,15),(149,'Rina Vant','1/8/1967','rvant44@typepad.com','489-365-8655',1,5),(150,'Regan Crux','7/23/1921','rcrux45@yahoo.com','516-880-0629',1,18),(151,'Gill Sawley','8/9/1939','gsawley46@earthlink.net','183-695-5332',1,24),(152,'Adria Zoane','3/5/1928','azoane47@shop-pro.jp','647-812-9007',2,4),(153,'Marguerite Monaghan','12/10/1829','mmonaghan48@360.cn','941-331-0948',1,13),(154,'Vladamir Conahy','8/25/1902','vconahy49@cmu.edu','812-222-2896',1,10),(155,'Lorens Genever','11/22/1897','lgenever4a@engadget.com','841-163-9925',1,1),(156,'Hewe Giacobillo','5/1/2013','hgiacobillo4b@over-blog.com','819-697-8043',1,28),(157,'Aymer Sheerman','5/7/1964','asheerman4c@mtv.com','403-770-7508',2,5),(158,'Zonnya Luca','1/30/1949','zluca4d@blogs.com','612-551-7872',2,4),(159,'Bryna Pownall','9/24/1893','bpownall4e@linkedin.com','601-316-6372',1,23),(160,'Kirby Mariet','7/8/1844','kmariet4f@yolasite.com','326-580-0760',1,26),(161,'Rheta Alpes','10/11/1973','ralpes4g@squidoo.com','405-922-1318',2,28),(162,'Evelina Lutz','12/12/1814','elutz4h@wikimedia.org','275-876-6881',1,14),(163,'Elladine Feldmesser','11/4/1818','efeldmesser4i@vinaora.com','494-667-3688',2,5),(164,'Michele Sleit','11/4/1907','msleit4j@youtube.com','455-708-0970',1,18),(165,'Stanfield Peat','1/29/1937','speat4k@exblog.jp','279-723-6348',2,8),(166,'Melany Stanislaw','7/23/2016','mstanislaw4l@chronoengine.com','485-474-8912',1,18),(167,'Chevalier Thurber','6/12/1915','cthurber4m@omniture.com','262-283-2850',2,3),(168,'Armin Biskupski','9/13/1830','abiskupski4n@bloomberg.com','142-777-8071',1,10),(169,'Julina Gulleford','11/10/1987','jgulleford4o@narod.ru','522-137-9519',2,8),(170,'Charo Wason','4/20/1836','cwason4p@tmall.com','273-387-2693',1,29),(171,'Wyatt Dukesbury','1/7/1906','wdukesbury4q@macromedia.com','129-862-6900',1,NULL),(172,'Laughton Foddy','5/22/1849','lfoddy4r@cbsnews.com','980-574-3384',1,11),(173,'Kaiser Kleinzweig','4/26/1960','kkleinzweig4s@marketwatch.com','976-529-1096',2,24),(174,'Babbette Godden','2/13/1956','bgodden4t@yahoo.co.jp','191-911-5180',2,7),(175,'Ammamaria Rillstone','1/25/1939','arillstone4u@e-recht24.de','868-394-4736',2,16),(176,'Rickard Geistmann','9/27/1967','rgeistmann4v@photobucket.com','812-977-4798',2,18),(177,'Baxy Scamp','11/30/1947','bscamp4w@ftc.gov','577-439-1686',1,22),(178,'Julianne Doud','7/23/1843','jdoud4x@nsw.gov.au','564-290-5214',2,26),(179,'Friederike Housden','11/29/1985','fhousden4y@com.com','234-631-7793',2,7),(180,'Nev Romme','12/18/1860','nromme4z@shutterfly.com','178-286-2889',2,21),(181,'Lucille Prichet','6/5/1950','lprichet50@marriott.com','749-187-0622',2,18),(182,'Gay Fechnie','7/8/1839','gfechnie51@theguardian.com','184-490-2869',2,6),(183,'Ariel Collings','4/21/1881','acollings52@spiegel.de','308-862-7859',1,10),(184,'Nathalie Lavers','7/6/1801','nlavers53@narod.ru','910-138-8147',1,5),(185,'Gabbie Gero','5/22/1989','ggero54@weebly.com','563-306-7025',1,24),(186,'Guillema Balcon','1/2/1849','gbalcon55@yandex.ru','666-765-5110',1,19),(187,'Marney Beining','11/8/1872','mbeining56@xinhuanet.com','506-322-1001',2,15),(188,'Ileane Gravey','9/13/2009','igravey57@theatlantic.com','787-612-9321',2,4),(189,'Kalina Haws','3/9/1950','khaws58@blogs.com','610-267-5576',1,22),(190,'Diana Edmeades','6/23/1872','dedmeades59@meetup.com','617-670-4762',1,10),(191,'Averil Abthorpe','3/17/1881','aabthorpe5a@parallels.com','624-571-1508',1,3),(192,'Viviene O\'Hartnett','7/26/1917','vohartnett5b@yellowbook.com','439-356-9933',1,6),(193,'Joaquin Wilcinskis','7/3/1959','jwilcinskis5c@posterous.com','518-626-8212',2,26),(194,'Marielle Sharpous','7/11/2000','msharpous5d@ustream.tv','175-846-2608',2,21),(195,'Adey Oakes','7/25/1875','aoakes5e@java.com','244-367-7639',1,29),(196,'Jessamine Wilcocke','11/24/2006','jwilcocke5f@g.co','259-694-9370',2,4),(197,'Laurel Tilford','4/23/1949','ltilford5g@wunderground.com','275-149-7218',2,10),(198,'Thomasa Wakeford','9/2/1972','twakeford5h@quantcast.com','245-101-5857',1,1),(199,'Miguela Budget','9/13/1867','mbudget5i@free.fr','667-289-5733',2,2),(200,'Madel Kupper','12/29/1830','mkupper5j@ucoz.com','833-802-5001',1,8),(201,'Morley Cottle','5/30/2019','mcottle5k@mysql.com','851-724-8755',1,27),(202,'Katleen Gavrielly','4/24/1854','kgavrielly5l@oracle.com','501-209-0971',1,25),(203,'Hinze Baal','1/10/2004','hbaal5m@networkadvertising.org','406-341-8201',2,26),(204,'Wallas Dosdell','7/5/1875','wdosdell5n@wsj.com','557-970-7220',1,21),(205,'Ricardo Stilgo','12/30/1980','rstilgo5o@delicious.com','654-150-0586',2,13),(206,'Maurise Spedroni','4/23/1818','mspedroni5p@youtube.com','800-683-2519',2,17),(207,'Bernadette Muldoon','5/5/1988','bmuldoon5q@weibo.com','754-550-5558',2,26),(208,'Thibaud Clemendet','8/23/1861','tclemendet5r@virginia.edu','464-642-7738',1,4),(209,'Page Pemble','6/30/1828','ppemble5s@nature.com','844-263-6257',2,19),(210,'Adena Elmhirst','4/21/1844','aelmhirst5t@123-reg.co.uk','990-929-6335',1,22),(211,'Alma Furzer','1/9/1884','afurzer5u@jimdo.com','771-780-5278',1,25),(212,'Lusa Petriello','1/18/1915','lpetriello5v@smugmug.com','807-293-0017',1,8),(213,'Feliks Semrad','2/15/1959','fsemrad5w@auda.org.au','137-821-5262',2,NULL),(214,'Arlinda Jakubovitch','9/13/1993','ajakubovitch5x@ebay.com','923-187-5353',1,15),(215,'Cameron Easby','11/3/1897','ceasby5y@uiuc.edu','205-292-1403',2,13),(216,'Chuck Bethel','7/28/1874','cbethel5z@boston.com','885-313-1026',2,5),(217,'Bettina Lukianov','1/19/1858','blukianov60@berkeley.edu','627-395-9017',1,24),(218,'Steve Bake','10/17/1868','sbake61@imdb.com','508-589-9010',2,20),(219,'Travers Rattry','2/18/1953','trattry62@livejournal.com','182-660-0068',2,29),(220,'Jeni Hill','1/30/1988','jhill63@upenn.edu','366-148-6534',2,30),(221,'Titos Northedge','3/9/1942','tnorthedge64@pagesperso-orange.fr','838-457-8457',1,27),(222,'Johanna Tregust','2/20/1819','jtregust65@issuu.com','585-922-8058',1,26),(223,'Pris Brauns','3/1/1996','pbrauns66@so-net.ne.jp','981-108-3201',2,2),(224,'Mae Rimbault','10/22/1834','mrimbault67@yellowpages.com','213-661-8427',1,15),(225,'Whitby Strettell','1/20/1918','wstrettell68@istockphoto.com','796-747-1569',2,28),(226,'Syman Thoma','3/2/1909','sthoma69@freewebs.com','508-667-0212',1,NULL),(227,'Tersina Krojn','4/10/1941','tkrojn6a@hatena.ne.jp','448-967-8164',1,17),(228,'Hyacintha Truswell','5/8/1912','htruswell6b@reference.com','552-106-6125',1,11),(229,'Kare Currier','2/29/2020','kcurrier6c@pagesperso-orange.fr','265-761-7177',1,4),(230,'Ave Chubb','1/27/1996','achubb6d@msn.com','527-246-5289',1,4),(231,'Innis Jee','12/14/1861','ijee6e@bandcamp.com','749-881-2865',1,17),(232,'Crystie MacKellar','12/7/1840','cmackellar6f@pinterest.com','710-516-4974',2,25),(233,'Geoffry Weymont','11/25/1925','gweymont6g@earthlink.net','803-809-7041',2,13),(234,'Liliane Nightingale','10/24/1830','lnightingale6h@deliciousdays.com','546-138-2949',2,7),(235,'Courtney Wigan','7/16/2010','cwigan6i@usgs.gov','112-735-2366',1,1),(236,'Britney Ciccarello','10/18/1912','bciccarello6j@prnewswire.com','433-888-5846',2,30),(237,'Lesya Stopford','1/3/1878','lstopford6k@tripod.com','206-662-1572',1,10),(238,'Nelli Rollins','11/28/1843','nrollins6l@reddit.com','130-799-6953',2,21),(239,'Booth Parmer','4/28/1957','bparmer6m@gizmodo.com','124-142-8966',1,26),(240,'Daune Thewles','2/24/1928','dthewles6n@ucla.edu','486-171-9808',1,14),(241,'Darrick Elloy','7/11/1994','delloy6o@qq.com','191-521-1424',1,30),(242,'Karola Hallbord','7/29/1935','khallbord6p@wikimedia.org','977-456-5309',2,7),(243,'Tybie Skiggs','1/25/1943','tskiggs6q@blogspot.com','937-433-0148',2,14),(244,'Granny Sparks','1/21/1904','gsparks6r@skype.com','472-498-0882',2,1),(245,'La verne Copnell','9/14/1993','lverne6s@mysql.com','934-792-5960',1,4),(246,'Elsy Kneale','12/19/1898','ekneale6t@mlb.com','688-606-6606',1,13),(247,'Adrien Clayworth','1/27/1934','aclayworth6u@hostgator.com','594-435-9824',1,1),(248,'Kendra Itzcovich','2/19/1889','kitzcovich6v@pen.io','278-630-2253',1,15),(249,'Pippy Hucker','6/4/1823','phucker6w@newyorker.com','633-349-5152',2,1),(250,'Pollyanna Franiak','12/7/1858','pfraniak6x@nationalgeographic.com','163-652-7470',1,23),(251,'Cathee Baddam','3/3/2014','cbaddam6y@posterous.com','489-163-9816',2,17),(252,'Jefferson McQuin','11/12/1898','jmcquin6z@yolasite.com','163-146-9212',2,23),(253,'Jaquenetta Spurling','8/11/1822','jspurling70@blog.com','985-867-4763',1,25),(254,'Evin McLeary','6/16/1829','emcleary71@nba.com','862-984-8075',2,3),(255,'Rosalinde Ethersey','1/7/1806','rethersey72@ibm.com','556-162-7800',1,NULL),(256,'Fancy Elloy','6/16/2004','felloy73@cargocollective.com','250-431-2399',2,8),(257,'Britt Fairham','1/13/1961','bfairham74@cdc.gov','932-979-5430',2,21),(258,'Saleem Quemby','11/7/1852','squemby75@ameblo.jp','809-930-2496',2,10),(259,'Sarine D\'Alesio','9/24/1925','sdalesio76@github.com','154-600-6854',1,19),(260,'Tonye Johantges','9/21/1890','tjohantges77@1und1.de','946-644-7594',1,20),(261,'Doe Jehaes','12/31/1815','djehaes78@hc360.com','918-181-4665',2,20),(262,'Coralyn Bracey','12/11/1998','cbracey79@theglobeandmail.com','941-851-6577',1,2),(263,'Merci Huton','11/19/1891','mhuton7a@ucoz.com','723-411-7582',2,7),(264,'Durward Rait','10/24/1993','drait7b@wp.com','891-628-0234',1,20),(265,'Timoteo Hymor','11/28/1895','thymor7c@unc.edu','136-661-4676',1,30),(266,'Ody Matias','5/11/1821','omatias7d@yelp.com','204-810-8776',1,17),(267,'See Clewes','3/6/1944','sclewes7e@weibo.com','869-429-2855',1,3),(268,'Joseph Haszard','12/29/1865','jhaszard7f@bigcartel.com','152-715-2499',1,30),(269,'Hinda Casford','11/13/1829','hcasford7g@yandex.ru','931-847-8461',1,24),(270,'Gusta Collerd','12/25/1907','gcollerd7h@dropbox.com','692-296-2807',2,18),(271,'Chadd Voelker','2/13/2013','cvoelker7i@mapquest.com','916-675-1270',1,14),(272,'Cathie Henderson','12/8/1829','chenderson7j@diigo.com','758-540-6129',1,29),(273,'Sheilah Saladino','2/5/1920','ssaladino7k@over-blog.com','499-671-1819',1,4),(274,'Joellen Castellet','10/11/1854','jcastellet7l@naver.com','482-404-5406',1,15),(275,'Augustina Sheffield','4/26/2011','asheffield7m@edublogs.org','115-477-4283',1,16),(276,'Archibaldo Bothwell','7/8/1956','abothwell7n@spiegel.de','365-380-1732',1,2),(277,'Sapphira Hymans','10/24/1842','shymans7o@ted.com','261-475-0614',2,6),(278,'Aksel Gonneau','4/4/1986','agonneau7p@ca.gov','588-690-3206',1,4),(279,'Kellen Bathersby','9/11/1927','kbathersby7q@amazon.co.jp','138-866-2734',1,3),(280,'Alessandro Van Ross','5/19/1864','avan7r@tripadvisor.com','174-269-2943',2,14),(281,'Tracey Fradson','6/22/1937','tfradson7s@google.com.hk','407-801-6346',2,3),(282,'Timmie Gatland','7/30/1878','tgatland7t@barnesandnoble.com','419-174-5592',1,5),(283,'Marchall Jacklin','10/26/1945','mjacklin7u@wikispaces.com','223-502-1604',1,11),(284,'Duff Warcop','1/6/1876','dwarcop7v@cloudflare.com','698-194-9257',1,3),(285,'Lindsay Abercrombie','12/8/1875','labercrombie7w@fc2.com','999-984-7578',1,28),(286,'Rhetta Nisbet','12/1/1845','rnisbet7x@patch.com','383-428-9866',1,28),(287,'Avrit Glasspoole','10/28/1817','aglasspoole7y@mediafire.com','201-485-0465',2,10),(288,'Licha Christofides','1/17/1972','lchristofides7z@japanpost.jp','532-566-2043',1,6),(289,'Cleon Lintall','8/25/1919','clintall80@cnbc.com','535-585-8954',1,25),(290,'Gaspar Sheen','3/4/1915','gsheen81@csmonitor.com','376-449-0564',1,NULL),(291,'Arturo Parkman','6/16/1826','aparkman82@toplist.cz','941-265-9040',2,1),(292,'Petr Sallenger','12/31/1842','psallenger83@whitehouse.gov','111-612-8594',1,27),(293,'Pacorro Branigan','11/19/1808','pbranigan84@guardian.co.uk','827-868-2564',1,4),(294,'Ari Lapsley','2/21/2009','alapsley85@wufoo.com','301-734-6393',1,14),(295,'Hubert Bauckham','1/5/1894','hbauckham86@ucoz.ru','107-537-4942',2,5),(296,'Glenden Cajkler','7/24/1937','gcajkler87@canalblog.com','460-553-3953',1,28),(297,'Brennen Sammes','4/28/2011','bsammes88@google.com.br','159-477-9686',1,19),(298,'Caron Motto','10/16/1955','cmotto89@domainmarket.com','615-864-3268',1,3),(299,'Viviana Lattos','6/17/2003','vlattos8a@google.de','707-870-2369',1,15),(300,'Sallyanne Franseco','3/13/1898','sfranseco8b@opensource.org','466-170-5971',1,17),(301,'Arabel Moulin','2/20/1985','amoulin8c@craigslist.org','455-726-3883',2,22),(302,'Aliza Dowse','3/20/2002','adowse8d@un.org','462-701-6861',2,3),(303,'Ginnifer Killen','1/30/1806','gkillen8e@toplist.cz','247-508-5559',2,28),(304,'Cordula Aysh','5/22/1807','caysh8f@ucoz.ru','979-966-8938',2,2),(305,'Marika Nolleth','3/11/1801','mnolleth8g@xrea.com','300-179-9174',2,13),(306,'Annie Tunnicliff','4/15/1859','atunnicliff8h@icio.us','443-822-2006',1,24),(307,'Hill Sollas','2/14/1819','hsollas8i@cmu.edu','840-590-0535',1,20),(308,'Berk Zwicker','7/10/1972','bzwicker8j@guardian.co.uk','864-978-3811',2,24),(309,'Austine Wiersma','2/2/1849','awiersma8k@ezinearticles.com','681-846-5680',1,9),(310,'Dale Goodbourn','1/22/1874','dgoodbourn8l@dropbox.com','552-718-9592',2,30),(311,'Laird Browning','7/7/1844','lbrowning8m@elpais.com','928-699-1764',2,2),(312,'Florence Birley','10/19/1816','fbirley8n@sakura.ne.jp','528-703-4906',1,27),(313,'Bride Abela','10/20/1815','babela8o@edublogs.org','296-195-4931',1,NULL),(314,'Alasteir Cow','5/21/1910','acow8p@jalbum.net','992-405-3571',1,11),(315,'Angelita McGinney','3/2/1964','amcginney8q@blinklist.com','890-129-4650',2,29),(316,'Sergei Di Francecshi','1/22/1913','sdi8r@craigslist.org','456-697-6142',2,21),(317,'Katharina MacNab','4/10/1844','kmacnab8s@nasa.gov','987-268-4358',2,6),(318,'Suzy Raynton','6/9/1803','sraynton8t@histats.com','268-943-6423',1,13),(319,'Shanon Waggitt','4/21/1823','swaggitt8u@discovery.com','969-814-3656',1,1),(320,'Danny Cianni','1/19/1843','dcianni8v@state.gov','165-389-0158',2,30),(321,'Ardelia Tourle','4/6/1806','atourle8w@issuu.com','759-236-7168',1,7),(322,'Osbert Nelle','6/25/1988','onelle8x@e-recht24.de','334-540-8859',2,3),(323,'Fabien Jago','11/3/1985','fjago8y@blogtalkradio.com','206-576-8277',2,17),(324,'Woodie Coolbear','5/10/1893','wcoolbear8z@google.de','780-773-7677',2,25),(325,'Daisy Niaves','8/13/1930','dniaves90@ocn.ne.jp','537-253-9607',1,21),(326,'Petronilla Swafford','4/21/1958','pswafford91@zimbio.com','924-369-0194',1,23),(327,'Sal McNelis','7/22/1820','smcnelis92@europa.eu','397-121-5254',1,24),(328,'Janine Barnewelle','4/27/1891','jbarnewelle93@soundcloud.com','297-867-5580',1,2),(329,'Lia Pessolt','2/22/1831','lpessolt94@simplemachines.org','225-266-6780',2,16),(330,'Celinda Feige','6/5/1817','cfeige95@last.fm','340-966-6682',2,11),(331,'Silva Elcy','4/11/1858','selcy96@angelfire.com','398-223-7346',1,2),(332,'Stanly Tremblay','9/11/1968','stremblay97@netlog.com','590-228-4731',1,2),(333,'Lenka Arnowitz','10/5/1924','larnowitz98@fda.gov','287-926-6177',1,10),(334,'Gerard Cuell','3/31/1808','gcuell99@yellowpages.com','511-997-2753',2,14),(335,'Elysee Billion','2/3/1949','ebillion9a@plala.or.jp','321-500-9073',1,6),(336,'Allayne Callaby','1/10/1923','acallaby9b@theguardian.com','118-713-8835',1,27),(337,'Nydia Drakeley','12/12/1905','ndrakeley9c@apple.com','442-362-5651',1,13),(338,'Marlo Barca','1/10/1822','mbarca9d@wix.com','700-506-6646',1,18),(339,'Gabby Stennet','10/12/1885','gstennet9e@multiply.com','251-666-2016',1,26),(340,'Daryl Lampett','4/14/1869','dlampett9f@weebly.com','630-369-6604',1,6),(341,'Reynard Fleisch','9/20/1868','rfleisch9g@chron.com','604-381-2377',1,3),(342,'Cordi Prestland','6/28/1889','cprestland9h@weebly.com','975-495-5232',2,22),(343,'Klaus Bettam','4/12/1883','kbettam9i@sciencedirect.com','619-316-3706',2,16),(344,'Sammie Gravenall','5/13/1806','sgravenall9j@google.fr','377-436-3380',2,3),(345,'Joel Chappell','12/14/1879','jchappell9k@addthis.com','171-381-3115',2,2),(346,'Terrel Heaslip','6/22/1856','theaslip9l@google.ca','988-460-3618',1,8),(347,'Martie Gilling','6/26/1853','mgilling9m@merriam-webster.com','313-282-2549',1,4),(348,'Jade Ullyatt','8/14/1826','jullyatt9n@imgur.com','296-904-4851',1,6),(349,'Norris John','3/24/1885','njohn9o@sphinn.com','961-693-4976',1,24),(350,'Theressa Congrave','5/24/1929','tcongrave9p@comsenz.com','214-371-3961',2,28),(351,'Kristoffer Matthisson','3/22/1948','kmatthisson9q@biblegateway.com','899-246-3826',2,6),(352,'Tomi McSorley','6/5/1817','tmcsorley9r@noaa.gov','151-741-6005',2,25),(353,'Stanislas Jime','11/9/1935','sjime9s@apache.org','375-660-8979',1,2),(354,'Fraser Mattheissen','6/1/1951','fmattheissen9t@phpbb.com','250-635-1234',1,30),(355,'Paige Farguhar','4/24/1918','pfarguhar9u@vistaprint.com','409-771-4493',2,25),(356,'Graig Bromilow','10/9/1839','gbromilow9v@sitemeter.com','445-772-2636',1,14),(357,'Mack Garfath','10/2/1909','mgarfath9w@reverbnation.com','963-930-5662',2,8),(358,'Andy Dicty','2/24/1967','adicty9x@bizjournals.com','311-192-7850',1,12),(359,'Melonie Hadaway','11/21/1988','mhadaway9y@boston.com','205-525-4421',1,23),(360,'Vivien Persitt','9/15/1899','vpersitt9z@prweb.com','601-699-2392',2,17),(361,'Jarrad Glennon','4/9/1862','jglennona0@slideshare.net','662-361-3224',2,17),(362,'Reba Rowes','6/3/1873','rrowesa1@gizmodo.com','512-416-9469',1,26),(363,'Giorgio Biggen','3/20/1941','gbiggena2@rakuten.co.jp','864-112-5825',1,16),(364,'Lotti Rummer','12/26/1880','lrummera3@eventbrite.com','512-746-2544',1,6),(365,'Henry Wickham','9/5/1961','hwickhama4@instagram.com','876-122-9378',1,21),(366,'Gelya Teasdale','8/9/1895','gteasdalea5@ehow.com','476-186-9179',2,24),(367,'Alva Biggadike','4/19/1855','abiggadikea6@statcounter.com','547-819-8553',1,29),(368,'Alvera Parcells','9/28/1943','aparcellsa7@aol.com','270-683-2656',1,13),(369,'Harwilll Kensington','9/27/1997','hkensingtona8@bbc.co.uk','304-374-1869',2,2),(370,'Caroljean Wildber','3/15/1998','cwildbera9@dailymotion.com','442-512-7504',1,8),(371,'Germain Mordan','3/4/1845','gmordanaa@shop-pro.jp','765-217-5898',2,25),(372,'Gan Ollis','6/8/1870','gollisab@ebay.co.uk','262-173-4741',1,24),(373,'Val Wissby','8/30/1878','vwissbyac@mapquest.com','354-984-4694',2,25),(374,'Melly Kall','3/10/1979','mkallad@plala.or.jp','249-426-9710',2,15),(375,'Agnesse Povah','2/25/1916','apovahae@businessinsider.com','517-478-4074',1,29),(376,'Sergent Zima','5/27/1976','szimaaf@icio.us','975-919-5769',1,14),(377,'Starr Geockle','1/27/1839','sgeockleag@studiopress.com','378-920-0972',2,20),(378,'Sylvia McCarter','11/2/1884','smccarterah@biglobe.ne.jp','374-455-0723',1,1),(379,'Noam Molloy','11/9/1816','nmolloyai@google.de','699-963-0551',1,7),(380,'Erinn Descroix','4/26/1993','edescroixaj@vk.com','968-605-9793',1,23),(381,'Electra Sickling','12/31/2003','esicklingak@google.es','964-943-7589',1,25),(382,'Margret Arnao','12/12/1832','marnaoal@apache.org','465-537-5895',1,3),(383,'Rosaleen Mogenot','2/24/1888','rmogenotam@webnode.com','887-182-3763',1,24),(384,'Caria Ollerearnshaw','12/16/1951','collerearnshawan@reuters.com','162-832-9422',2,6),(385,'Ulrikaumeko Hollingshead','5/15/1815','uhollingsheadao@epa.gov','355-302-1286',2,13),(386,'Milicent Cockshut','1/18/1882','mcockshutap@bloglines.com','780-466-1063',2,6),(387,'Olenolin Robertsen','1/12/1925','orobertsenaq@independent.co.uk','106-513-6768',1,27),(388,'Arman Despenser','12/29/2003','adespenserar@about.me','342-844-0019',2,1),(389,'Sebastien Appleford','6/13/1918','sapplefordas@intel.com','304-839-4586',1,18),(390,'Tonnie Dowding','2/16/1938','tdowdingat@globo.com','149-261-7122',2,13),(391,'Delinda Bierman','6/21/1907','dbiermanau@edublogs.org','994-524-4884',1,28),(392,'Ezekiel Corns','5/5/1928','ecornsav@wikipedia.org','703-664-8422',2,21),(393,'Briant Christoffels','3/15/1964','bchristoffelsaw@mysql.com','742-116-7141',2,25),(394,'Merrili Ivashnyov','7/9/2005','mivashnyovax@diigo.com','114-965-3093',2,19),(395,'Sandro Segebrecht','7/11/1827','ssegebrechtay@theguardian.com','570-957-2887',2,4),(396,'Zonda O\'Luby','12/25/1804','zolubyaz@e-recht24.de','391-968-3098',1,18),(397,'Selene Rodolico','4/30/1909','srodolicob0@cafepress.com','203-830-7341',2,11),(398,'Nelly Firks','11/8/1935','nfirksb1@spotify.com','842-699-9467',2,21),(399,'Adham Khristyukhin','1/8/1903','akhristyukhinb2@storify.com','899-422-8202',2,8),(400,'Antonella Minithorpe','5/24/1991','aminithorpeb3@icio.us','601-565-6303',2,26),(401,'Vladamir Sterry','8/31/1879','vsterryb4@forbes.com','341-530-2519',2,27),(402,'Phoebe Mears','11/1/1854','pmearsb5@loc.gov','264-338-1201',1,25),(403,'Salvatore Puddan','8/16/1933','spuddanb6@stanford.edu','144-761-9346',1,1),(404,'Celestyn Copley','10/20/1859','ccopleyb7@ycombinator.com','655-447-1203',1,3),(405,'Quinton Capehorn','1/20/1923','qcapehornb8@wiley.com','979-460-1683',1,9),(406,'Arley Dust','4/19/1838','adustb9@guardian.co.uk','921-113-0436',2,21),(407,'Julie Idell','12/3/1987','jidellba@time.com','474-512-3554',2,15),(408,'Walton Maylour','12/11/1809','wmaylourbb@netlog.com','928-335-0777',1,4),(409,'Nolana Livezey','3/21/1950','nlivezeybc@dmoz.org','345-178-9183',1,8),(410,'Jesselyn Brookfield','1/30/1848','jbrookfieldbd@wordpress.org','410-642-3271',2,23),(411,'Elsa Troppmann','10/8/1822','etroppmannbe@macromedia.com','999-101-9627',1,27),(412,'Etta Heartfield','7/12/1941','eheartfieldbf@discuz.net','230-807-6313',1,4),(413,'Dorine Gillbee','4/2/1803','dgillbeebg@ow.ly','200-540-2099',2,22),(414,'Costa Scrivin','10/21/1957','cscrivinbh@tripadvisor.com','869-927-7935',2,27),(415,'Jackelyn Wasmuth','8/26/2006','jwasmuthbi@unc.edu','493-329-7446',1,18),(416,'Pennie Simony','3/18/1815','psimonybj@dropbox.com','917-121-2102',2,24),(417,'Korney Ewin','6/1/1973','kewinbk@elegantthemes.com','594-105-3371',1,3),(418,'Aubrie Fleming','11/16/1993','aflemingbl@meetup.com','510-837-4288',1,27),(419,'Stavro Pestor','3/9/2005','spestorbm@lycos.com','815-836-3147',1,11),(420,'Tina Callander','12/23/1872','tcallanderbn@oaic.gov.au','457-344-6608',2,27),(421,'Otha Kibbel','5/7/1810','okibbelbo@uiuc.edu','246-235-2961',2,27),(422,'Russ Gritton','11/20/1889','rgrittonbp@sogou.com','352-527-5164',1,5),(423,'Howey Ramirez','8/3/1959','hramirezbq@drupal.org','914-576-8943',1,3),(424,'Rouvin McGilmartin','12/1/1848','rmcgilmartinbr@ted.com','918-229-0522',1,21),(425,'Claude Lorden','3/12/1869','clordenbs@de.vu','165-817-9235',1,18),(426,'Krystalle Stainburn','1/18/1932','kstainburnbt@nbcnews.com','888-126-3183',1,8),(427,'Jed Addess','12/9/1855','jaddessbu@bandcamp.com','326-725-9996',2,6),(428,'Hogan Cobbe','8/9/1833','hcobbebv@netlog.com','173-835-6623',2,21),(429,'Verne Gilbeart','7/2/1931','vgilbeartbw@admin.ch','680-530-5999',2,29),(430,'Christiano Moring','8/7/1903','cmoringbx@livejournal.com','911-966-6043',2,16),(431,'Idalia Livett','12/14/1800','ilivettby@macromedia.com','962-952-4003',1,12),(432,'Marielle Oherlihy','2/20/1943','moherlihybz@skype.com','406-707-5021',1,18),(433,'Daniela Wingatt','3/25/2010','dwingattc0@bing.com','558-145-1270',2,2),(434,'Lucian Hyne','2/26/1855','lhynec1@google.de','500-945-3788',1,28),(435,'Hakim Beckford','4/4/1949','hbeckfordc2@shutterfly.com','635-708-6551',2,1),(436,'Read Morris','3/6/1891','rmorrisc3@spotify.com','468-645-5360',1,17),(437,'Petronille Miell','2/13/1992','pmiellc4@craigslist.org','153-716-8373',1,1),(438,'Oren Ferraresi','1/18/1855','oferraresic5@wufoo.com','480-121-9532',2,2),(439,'Ilyssa Itzakson','10/9/1837','iitzaksonc6@soundcloud.com','584-774-3895',2,11),(440,'Tome Stoad','7/8/1845','tstoadc7@europa.eu','333-275-1933',1,25),(441,'Hunfredo Walkling','11/22/1855','hwalklingc8@smugmug.com','614-764-1556',1,20),(442,'Fair Swanborrow','6/28/1912','fswanborrowc9@stanford.edu','423-424-4884',2,20),(443,'Giustino Hender','6/11/1928','ghenderca@cyberchimps.com','498-215-5875',1,NULL),(444,'Isahella Gallaway','6/22/1883','igallawaycb@sphinn.com','757-102-3016',2,4),(445,'Darline Alessandrini','2/12/1802','dalessandrinicc@privacy.gov.au','899-811-5981',1,7),(446,'Yule Andriss','11/14/2013','yandrisscd@squarespace.com','284-927-3213',2,15),(447,'Edlin Shakshaft','9/11/1932','eshakshaftce@delicious.com','188-663-8230',1,27),(448,'Reynard Braysher','8/16/1898','rbrayshercf@howstuffworks.com','715-952-0893',2,25),(449,'Celie Trainor','7/24/1828','ctrainorcg@geocities.com','704-293-3387',1,11),(450,'Roobbie Elsegood','9/14/1924','relsegoodch@prnewswire.com','715-222-6576',1,2),(451,'Godwin Bonhill','5/23/1921','gbonhillci@smh.com.au','256-729-3615',2,12),(452,'Clem Favelle','2/10/1880','cfavellecj@google.ca','457-371-2867',1,1),(453,'Lemar Cusack','10/16/2002','lcusackck@msn.com','444-987-8069',1,22),(454,'Gilbertina Bernakiewicz','5/10/1803','gbernakiewiczcl@toplist.cz','127-500-6401',2,26),(455,'Elwin Baudinelli','9/3/1927','ebaudinellicm@uol.com.br','386-710-8827',1,29),(456,'Padgett Marl','12/23/1908','pmarlcn@1688.com','968-525-0348',2,8),(457,'Yankee Copnar','6/1/1935','ycopnarco@eepurl.com','603-294-1622',2,5),(458,'Vanny Allwell','8/20/1892','vallwellcp@360.cn','442-332-5072',2,30),(459,'Elana Gange','9/11/1995','egangecq@wunderground.com','389-213-1313',2,26),(460,'Viola Edgerley','7/14/1952','vedgerleycr@github.io','606-516-7625',2,22),(461,'Moishe Side','12/15/1991','msidecs@com.com','901-991-3108',1,6),(462,'Starr Colebrook','1/3/1856','scolebrookct@tuttocitta.it','975-570-5433',2,22),(463,'Toma Wallbrook','4/6/1872','twallbrookcu@un.org','711-745-5556',1,15),(464,'Jocelyne Parkey','5/16/1909','jparkeycv@usnews.com','607-348-0833',1,2),(465,'Clovis Bines','11/2/2000','cbinescw@1688.com','294-516-9483',1,14),(466,'Halimeda Lingner','10/4/1899','hlingnercx@gravatar.com','857-703-7250',2,10),(467,'Laughton Dosdell','4/19/1980','ldosdellcy@vk.com','622-840-3073',2,22),(468,'Maria Newe','3/1/1993','mnewecz@com.com','256-697-6137',1,24),(469,'Stephie Ledgley','3/14/2007','sledgleyd0@bing.com','135-158-3755',2,25),(470,'Sacha Cardis','12/8/1878','scardisd1@bloglovin.com','430-957-4125',2,1),(471,'Roseann Southerton','7/5/1958','rsouthertond2@ibm.com','956-453-9167',1,10),(472,'Rosetta Ruller','7/17/2008','rrullerd3@yolasite.com','703-631-0732',1,1),(473,'Fleming Hardie','10/22/1861','fhardied4@prnewswire.com','163-175-8450',2,4),(474,'Merrick Brownett','2/2/1809','mbrownettd5@stumbleupon.com','815-600-3400',2,29),(475,'Locke Cobello','8/23/1944','lcobellod6@reference.com','713-337-1188',2,NULL),(476,'Aguie Southerden','11/6/1817','asoutherdend7@drupal.org','532-317-8630',2,21),(477,'Rudy Gareisr','9/6/2016','rgareisrd8@jugem.jp','300-988-9971',1,10),(478,'Gabi Petruska','5/10/1838','gpetruskad9@dot.gov','415-378-9402',1,15),(479,'Adelheid St. Clair','7/17/2018','astda@skyrock.com','447-242-4578',2,4),(480,'Jean Domke','9/24/1936','jdomkedb@wisc.edu','400-568-4050',2,12),(481,'Priscilla Vinker','9/24/1994','pvinkerdc@ebay.co.uk','791-557-3085',2,9),(482,'Codi Stocker','3/1/1887','cstockerdd@google.it','558-231-8744',1,7),(483,'Orbadiah McCarl','8/11/1961','omccarlde@soup.io','223-239-2885',1,5),(484,'Jarred Flaverty','2/27/1938','jflavertydf@seattletimes.com','263-193-7635',2,21),(485,'Tomi Gaddas','5/17/1918','tgaddasdg@ca.gov','875-329-1447',1,25),(486,'Koren Iglesiaz','10/26/1878','kiglesiazdh@addthis.com','917-750-7021',2,19),(487,'Leland Vowdon','9/22/1915','lvowdondi@sbwire.com','820-324-2973',1,30),(488,'Omero Biswell','4/29/1985','obiswelldj@xinhuanet.com','576-742-3998',2,11),(489,'Donaugh Risely','3/11/1923','driselydk@prlog.org','593-667-5825',1,7),(490,'Jeri Twitching','1/6/1835','jtwitchingdl@mozilla.com','934-197-6621',2,8),(491,'Muffin Cheale','3/2/1884','mchealedm@nymag.com','137-354-7968',2,17),(492,'Gabriela Mowling','2/15/1843','gmowlingdn@cpanel.net','626-244-2226',1,2),(493,'Oates Wemes','12/14/1977','owemesdo@icq.com','891-180-5098',2,19),(494,'Fidelio Laffranconi','10/4/1961','flaffranconidp@whitehouse.gov','538-533-8216',1,11),(495,'Elysha Skillitt','7/5/1962','eskillittdq@booking.com','989-790-2807',2,20),(496,'Aymer Ollive','2/23/1990','aollivedr@stumbleupon.com','816-497-5120',2,25),(497,'Parker Huggill','9/24/1894','phuggillds@nsw.gov.au','958-112-0550',1,10),(498,'Arlana Carson','8/14/1894','acarsondt@noaa.gov','589-897-1614',1,5),(499,'Kym Bradnocke','6/18/1835','kbradnockedu@redcross.org','861-473-8653',2,23),(500,'Ettore Vesco','12/16/1851','evescodv@huffingtonpost.com','680-689-4533',2,18),(501,'Loralyn O\'Doherty','1/31/1817','lodohertydw@blinklist.com','171-785-4198',1,6),(502,'Abbot Reardon','8/6/1888','areardondx@usgs.gov','847-517-2108',1,23),(503,'Minda Coghlan','5/31/1861','mcoghlandy@wikispaces.com','830-949-9902',1,11),(504,'Jedidiah Gehringer','5/5/1938','jgehringerdz@about.me','597-776-7001',2,28),(505,'Lizabeth Driussi','10/9/1841','ldriussie0@who.int','582-938-8395',2,26),(506,'Israel Almond','8/1/1816','ialmonde1@disqus.com','847-139-9903',2,9),(507,'Cherice Muggach','8/30/1954','cmuggache2@forbes.com','128-953-9823',2,14),(508,'Dur Weddeburn - Scrimgeour','9/23/1958','dweddeburne3@sina.com.cn','997-955-8782',1,29),(509,'Rollin Pappin','11/22/1843','rpappine4@mayoclinic.com','639-276-9592',1,22),(510,'Roma Briant','8/24/2015','rbriante5@hhs.gov','604-361-1152',1,12),(511,'Dorey McBrearty','11/25/1844','dmcbreartye6@php.net','467-900-7890',1,15),(512,'Gris Halwell','12/17/1804','ghalwelle7@virginia.edu','991-460-9345',1,3),(513,'Ellyn Bertlin','1/7/1938','ebertline8@themeforest.net','701-422-8152',2,25),(514,'Mozelle Cheng','8/24/1979','mchenge9@google.com.au','146-457-5455',2,23),(515,'Lemmy Pepperill','8/31/1889','lpepperillea@wordpress.org','487-319-3478',1,19),(516,'Lydia Gerhardt','9/25/1899','lgerhardteb@histats.com','162-741-5710',1,1),(517,'Annalise Rathborne','12/8/1931','arathborneec@tumblr.com','812-384-4928',2,3),(518,'Rogers Paffitt','8/22/1978','rpaffitted@cyberchimps.com','510-779-0692',2,17),(519,'Berty Eley','9/25/1989','beleyee@wix.com','135-577-2798',2,24),(520,'Evelyn Dairton','1/9/2014','edairtonef@sciencedirect.com','107-827-0355',2,7),(521,'Kristin Howitt','5/30/1896','khowitteg@noaa.gov','727-512-7535',2,30),(522,'Penelopa Brobeck','12/28/1998','pbrobeckeh@cbsnews.com','834-725-3468',2,23),(523,'Yuma Bricksey','6/30/1969','ybrickseyei@scribd.com','608-671-4819',1,7),(524,'Ephraim Anglin','7/1/1860','eanglinej@storify.com','297-577-3933',2,25),(525,'Barbara-anne Nuzzi','6/6/1930','bnuzziek@patch.com','717-105-2310',1,NULL),(526,'Yance Massingberd','1/22/1896','ymassingberdel@flavors.me','397-526-9837',1,29),(527,'Ty Choldcroft','10/19/1976','tcholdcroftem@dell.com','872-976-2120',1,29),(528,'Frazer Lambdean','5/19/1835','flambdeanen@forbes.com','812-108-9600',2,8),(529,'Ethel Ladloe','9/8/1900','eladloeeo@de.vu','278-431-7431',2,25),(530,'Doralyn Heeks','1/6/2006','dheeksep@meetup.com','733-877-0959',1,17),(531,'Johan Freebury','2/27/1934','jfreeburyeq@sciencedaily.com','100-146-4493',2,30),(532,'Pincus Swetenham','8/9/1802','pswetenhamer@nationalgeographic.com','294-321-9731',2,15),(533,'Niven Dignam','6/14/1830','ndignames@rediff.com','257-522-8113',1,12),(534,'Coralie Melarkey','3/19/1998','cmelarkeyet@slate.com','154-543-2374',2,7),(535,'Starlene Priest','10/6/1958','spriesteu@google.nl','404-947-0398',1,26),(536,'Zorana Dailly','10/15/1973','zdaillyev@hibu.com','145-610-8217',2,8),(537,'Jocko Shaxby','7/18/1885','jshaxbyew@newsvine.com','388-311-6256',2,12),(538,'Lebbie Grimestone','10/26/1811','lgrimestoneex@unesco.org','680-538-4882',2,15),(539,'Mattheus Thraves','10/2/1877','mthravesey@google.ca','171-328-0946',1,4),(540,'Cleo London','8/10/2013','clondonez@over-blog.com','534-686-8922',1,24),(541,'Lynnet Padson','12/11/1964','lpadsonf0@myspace.com','146-256-8580',1,NULL),(542,'Natalee Boyen','8/12/1927','nboyenf1@barnesandnoble.com','548-911-3979',1,12),(543,'Lynnett Pestricke','10/29/1945','lpestrickef2@eepurl.com','831-803-2777',2,17),(544,'Matthew Grinin','2/20/1863','mgrininf3@de.vu','854-459-7186',1,11),(545,'Nehemiah Snoxell','1/19/1823','nsnoxellf4@liveinternet.ru','600-937-1831',2,18),(546,'Ailee Galliford','11/17/1952','agallifordf5@mediafire.com','124-352-1599',1,15),(547,'Lilllie Druitt','9/27/2013','ldruittf6@google.fr','447-283-9660',1,9),(548,'Cyb Smy','4/25/1923','csmyf7@liveinternet.ru','568-565-5603',1,23),(549,'Robbie Wellesley','4/5/1920','rwellesleyf8@auda.org.au','827-257-5601',2,2),(550,'Klement Thomason','8/11/2009','kthomasonf9@photobucket.com','898-814-6073',2,1),(551,'Aindrea Bottrill','8/19/1884','abottrillfa@rediff.com','892-438-2304',1,23),(552,'Mallorie Niles','9/17/1816','mnilesfb@slideshare.net','343-473-2458',2,20),(553,'Inesita Rhubottom','3/11/2007','irhubottomfc@phpbb.com','810-760-4256',2,10),(554,'Chrysler Tourry','4/14/1841','ctourryfd@joomla.org','914-136-1391',1,24),(555,'Jazmin Craven','4/11/1894','jcravenfe@mapy.cz','127-922-1017',2,29),(556,'Ambrosius Ivatts','11/18/1959','aivattsff@cbc.ca','692-394-2401',2,16),(557,'Carmina McClymont','3/15/1960','cmcclymontfg@mac.com','782-962-0482',1,4),(558,'Beauregard Lathwell','8/22/1917','blathwellfh@spotify.com','490-391-7806',2,11),(559,'Neila Taylorson','8/20/1818','ntaylorsonfi@aol.com','597-233-4984',2,18),(560,'Dionis Corking','12/11/1979','dcorkingfj@yellowbook.com','816-318-1011',2,1),(561,'Twyla Empson','1/25/1837','tempsonfk@discovery.com','331-840-7512',2,9),(562,'Kriste Le Houx','10/11/1962','klefl@wufoo.com','323-297-9673',2,11),(563,'Farly Gulston','6/1/1991','fgulstonfm@123-reg.co.uk','651-169-2384',2,12),(564,'Arthur Barzen','6/14/2019','abarzenfn@liveinternet.ru','663-555-0508',2,23),(565,'Maire Kelleway','4/29/1891','mkellewayfo@nbcnews.com','158-622-6699',1,28),(566,'Pepe Sporrij','8/26/1813','psporrijfp@delicious.com','815-869-3754',2,11),(567,'Madonna Wadly','5/19/1911','mwadlyfq@phpbb.com','100-313-1762',1,3),(568,'Sidnee Esland','10/15/1896','seslandfr@ehow.com','404-268-7282',1,9),(569,'Max Treffry','7/26/2015','mtreffryfs@hubpages.com','726-770-9213',2,15),(570,'Hart Gillow','1/9/1805','hgillowft@webnode.com','257-685-0932',2,6),(571,'Neel Flipsen','3/3/1987','nflipsenfu@usda.gov','318-330-5099',1,30),(572,'Vincents Bulloch','9/20/1827','vbullochfv@thetimes.co.uk','669-581-4624',2,5),(573,'Flori Merton','4/22/1990','fmertonfw@liveinternet.ru','207-464-1525',2,10),(574,'Christie Stanex','2/14/1975','cstanexfx@webeden.co.uk','418-163-5371',1,11),(575,'Forster Bredgeland','8/29/1976','fbredgelandfy@wisc.edu','836-211-9571',1,23),(576,'Baillie Rudolf','8/8/1936','brudolffz@discovery.com','419-534-3150',2,3),(577,'Saw Aldridge','2/16/1939','saldridgeg0@ow.ly','380-890-6087',1,23),(578,'Godart Paton','9/4/1832','gpatong1@de.vu','957-867-1887',1,3),(579,'Evyn Kirman','10/15/1985','ekirmang2@jiathis.com','836-630-2964',1,6),(580,'Elroy Dat','9/5/1837','edatg3@flickr.com','145-182-9380',2,24),(581,'Orazio Blakden','9/20/1888','oblakdeng4@hhs.gov','830-860-9644',2,26),(582,'Lorianna Brecher','7/8/1842','lbrecherg5@myspace.com','904-595-2038',2,7),(583,'Saundra Toulch','12/10/2005','stoulchg6@mapquest.com','406-655-6643',1,18),(584,'Hazel Siverns','7/20/1956','hsivernsg7@homestead.com','787-136-2294',1,1),(585,'Pauly Gipson','8/14/1903','pgipsong8@java.com','120-525-1160',2,30),(586,'Barbabra Jacqueme','1/2/1961','bjacquemeg9@ebay.co.uk','126-381-9761',2,14),(587,'Maggi Perelli','4/7/1936','mperelliga@google.com.au','609-897-1182',1,11),(588,'Hulda Lampke','10/7/1922','hlampkegb@creativecommons.org','273-104-8523',2,3),(589,'Iorgos Bickmore','9/3/1983','ibickmoregc@imdb.com','221-773-9230',1,11),(590,'Elissa Honacker','9/10/1820','ehonackergd@joomla.org','419-205-8797',1,18),(591,'Albrecht Kilfedder','9/26/1840','akilfedderge@plala.or.jp','609-663-7545',1,17),(592,'Silvia Toulmin','9/30/1990','stoulmingf@addthis.com','737-794-2414',2,4),(593,'Fredrika Melmore','2/4/1845','fmelmoregg@cyberchimps.com','210-275-7245',2,22),(594,'Laurens Aizikowitz','12/12/1840','laizikowitzgh@netscape.com','447-548-1332',1,26),(595,'Matty Joskowitz','12/27/1940','mjoskowitzgi@washington.edu','495-342-9756',1,3),(596,'Patten Runcie','10/21/1973','prunciegj@nasa.gov','237-126-6512',2,24),(597,'Killian Ovid','6/30/1842','kovidgk@a8.net','186-816-2239',2,15),(598,'Marthe Shillan','4/8/1905','mshillangl@google.fr','136-402-3014',1,5),(599,'Livvyy Hanwright','8/13/1899','lhanwrightgm@weibo.com','426-447-0003',1,2),(600,'Nil Louth','2/14/1975','nlouthgn@github.io','138-303-6855',1,16),(601,'Clary McDonnell','7/24/1987','cmcdonnellgo@salon.com','692-139-9835',1,28),(602,'Stephani Talloe','11/15/1926','stalloegp@cocolog-nifty.com','712-760-8277',1,NULL),(603,'Juliette Thatcham','1/22/1847','jthatchamgq@ucoz.com','135-900-9349',2,27),(604,'Anthia Clayhill','11/11/1889','aclayhillgr@baidu.com','116-583-0801',1,4),(605,'Evvy Bryant','11/22/1895','ebryantgs@opensource.org','843-265-8880',2,18),(606,'Lou Renny','5/15/1818','lrennygt@wikipedia.org','264-849-7743',2,15),(607,'Erasmus Rama','9/24/1833','eramagu@purevolume.com','717-970-0489',2,2),(608,'Sissie Twigge','12/7/1949','stwiggegv@chicagotribune.com','569-641-0747',1,13),(609,'Debbie Gadaud','2/2/1859','dgadaudgw@yellowpages.com','797-714-1434',1,25),(610,'Ole Alfonsetto','11/19/1886','oalfonsettogx@msn.com','848-467-9097',2,23),(611,'Ethel Ivanilov','2/6/1846','eivanilovgy@ezinearticles.com','398-343-3955',2,9),(612,'Reagan Iacobini','4/17/1930','riacobinigz@wikimedia.org','150-531-5400',2,17),(613,'Shirleen Lenden','1/20/1975','slendenh0@delicious.com','225-865-9194',1,17),(614,'Haily Bassham','4/29/1838','hbasshamh1@engadget.com','721-743-6886',1,5),(615,'Roddy Hanby','1/15/1893','rhanbyh2@barnesandnoble.com','493-611-1234',2,9),(616,'Uri Mitten','5/26/1887','umittenh3@princeton.edu','132-147-6427',1,30),(617,'Maryanna Brissenden','4/28/2004','mbrissendenh4@abc.net.au','486-436-5417',2,20),(618,'Kandy Bourdis','11/10/1894','kbourdish5@rambler.ru','221-802-6695',2,17),(619,'Mitch Franschini','2/6/1971','mfranschinih6@mlb.com','474-836-6844',1,20),(620,'Nelle Errington','2/11/2012','nerringtonh7@utexas.edu','531-661-9561',2,7),(621,'Obediah Comfort','11/21/1985','ocomforth8@bluehost.com','259-907-4235',2,4),(622,'Kandace Doumenc','1/25/1968','kdoumench9@stumbleupon.com','302-735-2569',1,23),(623,'Zacherie Hatterslay','7/13/1947','zhatterslayha@engadget.com','720-992-3938',1,4),(624,'Kennie Cowlam','8/2/1830','kcowlamhb@jalbum.net','858-384-0405',2,24),(625,'Jody MacIntyre','3/23/1878','jmacintyrehc@unc.edu','423-702-2761',2,11),(626,'Carolina Wittrington','1/3/1892','cwittringtonhd@cyberchimps.com','888-698-0186',1,19),(627,'Burg Alban','6/26/1990','balbanhe@nyu.edu','898-623-8472',1,3),(628,'Gisela Peltzer','12/29/1927','gpeltzerhf@comcast.net','480-663-2807',2,28),(629,'Johnathon Ackers','6/18/1821','jackershg@pbs.org','158-861-4218',2,11),(630,'Leo Boocock','5/8/2007','lboocockhh@disqus.com','804-380-3541',2,6),(631,'Domenico Trustrie','11/10/2009','dtrustriehi@oakley.com','165-620-2157',2,25),(632,'Nikki Domnin','1/27/1943','ndomninhj@china.com.cn','639-444-4980',2,20),(633,'Alexi Keddey','6/10/1829','akeddeyhk@cocolog-nifty.com','281-217-6278',1,16),(634,'Florencia Durtnell','11/1/1824','fdurtnellhl@constantcontact.com','226-981-4779',1,28),(635,'Harriot Lyddiard','8/8/1959','hlyddiardhm@yahoo.com','887-921-8776',2,6),(636,'Susanne Sturdey','3/23/1871','ssturdeyhn@sohu.com','516-956-8669',1,17),(637,'Alana Magee','2/15/1909','amageeho@webeden.co.uk','238-703-2287',2,1),(638,'Ursa Sidon','5/5/1928','usidonhp@linkedin.com','593-581-1032',2,23),(639,'Maridel Befroy','5/5/1939','mbefroyhq@census.gov','210-169-4882',2,10),(640,'Madlin Bather','6/22/1968','mbatherhr@wisc.edu','552-442-3844',2,19),(641,'Vernor Goodall','7/9/1857','vgoodallhs@boston.com','851-350-2586',1,3),(642,'Anson Spatig','6/12/1824','aspatight@ucla.edu','232-246-5139',2,12),(643,'Lorie Simic','2/28/2012','lsimichu@chicagotribune.com','876-419-7646',1,2),(644,'Marguerite Garlett','8/5/1867','mgarletthv@edublogs.org','939-844-6787',2,21),(645,'Jacquenette Bucher','1/13/1947','jbucherhw@tinypic.com','544-643-9639',2,13),(646,'Gabriele Mithun','5/24/1804','gmithunhx@flickr.com','469-926-1014',2,11),(647,'Consalve Cochern','5/18/1838','ccochernhy@dagondesign.com','241-644-1481',1,22),(648,'Vassili Helian','2/1/1844','vhelianhz@walmart.com','392-422-6948',2,29),(649,'Pail Trebilcock','4/5/1846','ptrebilcocki0@narod.ru','938-315-4130',2,10),(650,'Sallie Brierly','12/26/1867','sbrierlyi1@simplemachines.org','987-766-0120',2,25),(651,'Jaquelin Northam','12/25/2012','jnorthami2@sitemeter.com','673-425-6713',2,7),(652,'Layne Siman','7/19/2016','lsimani3@japanpost.jp','759-458-7500',2,17),(653,'Clemmie Livermore','8/7/1908','clivermorei4@de.vu','844-821-2297',1,9),(654,'Lyman Kench','5/16/1990','lkenchi5@scribd.com','767-996-7269',2,6),(655,'Herschel Sushams','8/7/1864','hsushamsi6@ed.gov','136-549-3577',1,10),(656,'Dunn Sowerby','3/20/1929','dsowerbyi7@networksolutions.com','364-782-0785',1,19),(657,'Nicky Allone','11/28/2005','nallonei8@cdbaby.com','897-130-3003',1,11),(658,'Leyla Gouck','12/30/1825','lgoucki9@answers.com','170-133-9808',2,23),(659,'Eleanora Prangle','1/3/1845','eprangleia@devhub.com','241-832-0403',2,21),(660,'Winthrop Hewlings','2/25/2003','whewlingsib@slashdot.org','505-247-6891',1,9),(661,'Rayna Wayne','9/24/1809','rwayneic@taobao.com','319-521-4627',1,22),(662,'Eddy Creus','4/14/1958','ecreusid@unicef.org','293-562-7834',1,27),(663,'Dewie Ledster','11/8/1955','dledsterie@plala.or.jp','493-714-4341',2,7),(664,'Tallie Pottinger','10/14/1871','tpottingerif@bandcamp.com','926-374-4123',2,28),(665,'Wylma Beardsworth','8/4/1810','wbeardsworthig@kickstarter.com','962-448-1942',2,1),(666,'Eolande Hunt','8/27/1857','ehuntih@about.com','873-127-3532',2,1),(667,'Malinda Drewry','9/22/1837','mdrewryii@freewebs.com','493-495-7137',2,21),(668,'Yalonda Malatalant','3/24/2014','ymalatalantij@guardian.co.uk','321-382-5242',2,9),(669,'Tremayne Troman','5/11/1809','ttromanik@ucoz.ru','259-490-8284',2,3),(670,'Maxine Mochan','10/30/1955','mmochanil@miitbeian.gov.cn','275-866-6634',1,4),(671,'Sawyer Reddish','10/17/1844','sreddishim@digg.com','611-426-0635',1,2),(672,'Barry Grote','10/6/1933','bgrotein@prlog.org','270-959-2704',2,30),(673,'Marcille Hateley','8/3/1825','mhateleyio@istockphoto.com','581-315-5755',2,9),(674,'Kyrstin King','10/18/2011','kkingip@businessinsider.com','580-484-8032',2,27),(675,'Consuelo Sworder','5/5/1861','csworderiq@blinklist.com','374-472-5045',2,22),(676,'Reider Turbern','7/25/1968','rturbernir@google.cn','122-829-6221',2,18),(677,'My Sauvain','12/7/1893','msauvainis@slate.com','496-112-0916',1,23),(678,'Ram Flohard','8/9/1944','rflohardit@blogger.com','539-180-9142',1,26),(679,'Pascale Damant','3/8/1868','pdamantiu@umn.edu','681-732-2056',1,12),(680,'Jessa Ramet','3/17/1850','jrametiv@domainmarket.com','503-904-3353',2,13),(681,'Jaquelin Rosborough','9/1/1866','jrosboroughiw@twitter.com','812-846-2371',2,21),(682,'Evonne Van Halle','10/16/1878','evanix@taobao.com','329-983-9557',2,27),(683,'Charlie Hawkins','12/22/1975','chawkinsiy@bigcartel.com','280-460-0606',2,13),(684,'Colin Cruickshank','5/28/1964','ccruickshankiz@answers.com','240-265-3456',2,20),(685,'Neale Nassau','8/8/1976','nnassauj0@irs.gov','279-618-8045',1,22),(686,'Alverta McKenna','2/25/1931','amckennaj1@whitehouse.gov','321-526-6233',2,30),(687,'Susann Collimore','8/22/1806','scollimorej2@nhs.uk','456-976-5814',2,21),(688,'Sallyann Cambden','2/22/1861','scambdenj3@quantcast.com','178-528-1073',2,23),(689,'Ira Bazeley','9/15/1868','ibazeleyj4@elpais.com','715-133-9785',2,24),(690,'Claire Littledyke','12/22/1816','clittledykej5@admin.ch','145-389-8414',2,15),(691,'Wainwright Gronowe','5/4/1896','wgronowej6@dell.com','167-783-3491',2,18),(692,'Dolph Simonazzi','5/12/1861','dsimonazzij7@howstuffworks.com','570-150-3818',2,16),(693,'Ellissa Hawlgarth','3/17/1889','ehawlgarthj8@shutterfly.com','848-707-6782',1,15),(694,'Paco De Ambrosi','10/1/1990','pdej9@weather.com','293-693-9484',1,1),(695,'Valaria Bannister','6/10/1880','vbannisterja@youtube.com','632-224-4633',1,7),(696,'Manda McAvin','1/17/1913','mmcavinjb@live.com','155-915-4431',2,26),(697,'Boniface Briscoe','5/6/1881','bbriscoejc@ibm.com','393-276-5725',2,3),(698,'Ingrim Aspinal','6/30/1990','iaspinaljd@usatoday.com','848-329-2353',2,11),(699,'Marshall Rizzi','3/11/1994','mrizzije@domainmarket.com','269-628-0246',2,7),(700,'Mark Niven','2/26/1895','mnivenjf@theatlantic.com','298-285-0587',2,20),(701,'Celle Scawen','1/10/1951','cscawenjg@deliciousdays.com','169-219-9642',2,14),(702,'Homerus Brychan','3/18/2012','hbrychanjh@ocn.ne.jp','175-524-0790',1,8),(703,'Marline Manuello','9/14/1813','mmanuelloji@bluehost.com','876-209-1609',2,24),(704,'Adolf Leemans','7/25/1805','aleemansjj@fotki.com','556-320-6416',2,24),(705,'Cookie Kipling','1/8/1953','ckiplingjk@alibaba.com','421-679-6459',1,29),(706,'Celesta Casier','10/12/1929','ccasierjl@google.ca','283-585-9376',1,29),(707,'Leland Fermor','9/16/2005','lfermorjm@about.me','421-694-3232',2,17),(708,'Evanne Chippin','11/20/1854','echippinjn@livejournal.com','164-338-5407',1,5),(709,'Hyatt Price','9/3/1999','hpricejo@youku.com','322-576-0269',1,1),(710,'Dreddy Gainforth','3/15/1928','dgainforthjp@simplemachines.org','862-443-8940',2,27),(711,'Dag Bendig','10/8/1866','dbendigjq@barnesandnoble.com','584-934-5790',2,16),(712,'Doralin Ferrieri','12/4/1874','dferrierijr@globo.com','645-517-6351',1,8),(713,'Wendeline Croshaw','7/10/1827','wcroshawjs@spotify.com','442-621-9312',1,13),(714,'Deonne Lowfill','10/13/1998','dlowfilljt@bigcartel.com','426-686-4219',1,9),(715,'Cornell Blackster','5/8/1957','cblacksterju@irs.gov','982-595-8047',1,21),(716,'Ronny Maycock','7/22/1863','rmaycockjv@thetimes.co.uk','342-174-7096',2,20),(717,'Lind Maskelyne','12/11/1811','lmaskelynejw@netlog.com','940-937-3108',1,25),(718,'Elnar Fliege','5/7/1849','efliegejx@state.gov','813-944-3396',1,17),(719,'Terrie Filpo','6/7/1883','tfilpojy@census.gov','187-538-7658',1,23),(720,'Marta Spini','7/24/1978','mspinijz@uol.com.br','924-409-0528',2,4),(721,'Clari Daintith','3/31/1822','cdaintithk0@bigcartel.com','799-952-6110',2,5),(722,'Orren Fuller','4/19/1869','ofullerk1@qq.com','253-740-0579',1,6),(723,'Lance McGrirl','5/5/1842','lmcgrirlk2@nymag.com','823-300-6394',2,1),(724,'Corbet Rockwell','10/10/1801','crockwellk3@hud.gov','514-656-4753',2,15),(725,'Melinda Lenton','11/11/1843','mlentonk4@si.edu','456-909-6925',2,1),(726,'Mellisent McFfaden','11/14/1807','mmcffadenk5@marketwatch.com','901-687-1484',1,21),(727,'Theressa Ivens','2/25/1880','tivensk6@google.ca','852-755-9701',1,14),(728,'Myrah Pressnell','3/24/1934','mpressnellk7@purevolume.com','368-711-7627',2,8),(729,'Leta Reeson','7/15/1905','lreesonk8@1und1.de','303-836-1472',2,30),(730,'Baudoin Lepard','9/14/2020','blepardk9@diigo.com','166-172-5981',2,13),(731,'Westley Tarrier','9/3/2002','wtarrierka@google.fr','466-725-4732',2,19),(732,'Thomasina Bowdidge','1/30/1916','tbowdidgekb@t-online.de','527-322-4161',1,17),(733,'Cathyleen Stanners','4/29/1809','cstannerskc@moonfruit.com','678-888-6812',2,23),(734,'Loy Loddon','11/27/1838','lloddonkd@gmpg.org','278-712-6767',1,14),(735,'Hazlett Soans','8/23/1801','hsoanske@ft.com','933-765-8290',1,24),(736,'Elyssa Bowdon','4/9/1975','ebowdonkf@parallels.com','193-203-8167',2,29),(737,'Farlie Gaymer','11/6/1952','fgaymerkg@ebay.co.uk','498-329-2659',2,10),(738,'Stephan Buten','3/8/2013','sbutenkh@narod.ru','908-191-2259',2,23),(739,'Hardy Dunnett','10/5/1838','hdunnettki@hud.gov','835-569-5402',1,15),(740,'Corrine Landis','10/10/1924','clandiskj@icq.com','828-159-9422',2,30),(741,'Melisandra McKeney','6/5/2017','mmckeneykk@fotki.com','118-516-4520',2,29),(742,'Leonid Meggison','11/22/1887','lmeggisonkl@infoseek.co.jp','450-125-8647',1,14),(743,'Corinna Conti','12/10/1943','ccontikm@youtube.com','968-706-3706',2,11),(744,'Fanechka Josephsen','1/5/1881','fjosephsenkn@amazonaws.com','405-620-5105',1,NULL),(745,'Maurizia Dobsons','7/28/1988','mdobsonsko@eepurl.com','778-274-6941',1,9),(746,'Haleigh Keming','1/7/2017','hkemingkp@google.cn','374-139-1616',1,4),(747,'Torrence Klazenga','8/24/1852','tklazengakq@thetimes.co.uk','437-329-1982',2,21),(748,'Jazmin Antonacci','11/7/1967','jantonaccikr@histats.com','644-378-9115',2,8),(749,'Bogey Tassell','9/25/1937','btassellks@bravesites.com','862-183-0832',1,7),(750,'Zitella Ciccotto','11/25/1989','zciccottokt@nymag.com','166-933-1935',2,25),(751,'Frederick Siegertsz','7/6/1897','fsiegertszku@ask.com','305-545-4480',1,4),(752,'Davis Tremblet','3/9/1832','dtrembletkv@freewebs.com','215-842-1649',1,21),(753,'Abbye Spray','12/24/1890','aspraykw@xing.com','437-855-6919',1,25),(754,'Betteann Vignal','3/9/1917','bvignalkx@jigsy.com','240-352-6781',2,3),(755,'Emmey Chanson','9/6/2006','echansonky@wunderground.com','639-796-8573',1,12),(756,'Benjamen Litel','5/13/1826','blitelkz@telegraph.co.uk','286-870-6947',2,6),(757,'Frants Massey','8/19/1816','fmasseyl0@state.gov','594-282-9404',1,6),(758,'Rudie Adnams','11/15/1947','radnamsl1@yelp.com','517-486-3855',2,15),(759,'Cary Pieterick','4/18/1862','cpieterickl2@sitemeter.com','821-790-6564',1,27),(760,'Auguste Sey','6/29/1906','aseyl3@samsung.com','570-371-6900',1,4),(761,'Rachel Wakes','10/22/1902','rwakesl4@purevolume.com','498-462-5269',2,10),(762,'Jakob Bairnsfather','8/27/1957','jbairnsfatherl5@ning.com','257-461-0531',2,27),(763,'Vivyan Stovell','2/10/1886','vstovelll6@wikipedia.org','176-562-6484',1,10),(764,'Berni Chetter','8/6/1875','bchetterl7@about.com','855-896-1525',1,12),(765,'Falito Martensen','12/14/2002','fmartensenl8@discovery.com','482-966-4435',2,7),(766,'Derron Hatliffe','2/12/2018','dhatliffel9@theguardian.com','667-185-3777',2,8),(767,'Sib Seide','12/12/2011','sseidela@about.com','745-901-0103',2,1),(768,'Octavia Janota','10/20/1915','ojanotalb@is.gd','148-540-4068',1,29),(769,'Milty Cootes','5/15/1859','mcooteslc@salon.com','148-260-9487',1,17),(770,'Adel Byrnes','1/8/1842','abyrnesld@google.fr','677-177-6170',2,12),(771,'Bradly Fairtlough','8/9/1962','bfairtloughle@answers.com','758-980-0572',1,30),(772,'Scarface Burrel','8/26/1892','sburrellf@prlog.org','173-657-0193',1,17),(773,'Gretal Wigfield','10/30/1826','gwigfieldlg@guardian.co.uk','195-578-3590',1,18),(774,'Melva Reese','6/1/1847','mreeselh@independent.co.uk','294-869-1788',1,18),(775,'Adolphus Neljes','6/13/1938','aneljesli@rambler.ru','888-343-2749',2,2),(776,'Ambrosius Leser','7/16/1821','aleserlj@tumblr.com','163-130-6317',2,4),(777,'Carlynne Tither','9/15/1909','ctitherlk@cornell.edu','387-932-3859',2,23),(778,'Willow Stookes','12/9/1968','wstookesll@sciencedaily.com','431-908-3246',1,25),(779,'Mark Belding','10/1/2019','mbeldinglm@gnu.org','866-879-6493',2,22),(780,'Susan Sibbit','10/1/1890','ssibbitln@woothemes.com','160-124-5640',1,19),(781,'Gonzales Wind','5/18/1997','gwindlo@redcross.org','242-556-6797',1,7),(782,'Edithe Penella','11/30/1957','epenellalp@noaa.gov','698-281-1667',1,16),(783,'Salomon MacAllister','3/29/2019','smacallisterlq@nih.gov','343-206-9456',2,10),(784,'Malia Cleef','1/15/1924','mcleeflr@cargocollective.com','684-507-7462',1,10),(785,'Alonzo Debenham','6/13/1929','adebenhamls@webeden.co.uk','203-578-8341',1,21),(786,'Avril Chrispin','4/10/1931','achrispinlt@cafepress.com','506-648-4884',1,1),(787,'Franzen Kolodziej','12/10/1845','fkolodziejlu@indiegogo.com','713-969-7800',2,21),(788,'Harcourt Mangenot','12/12/1948','hmangenotlv@fotki.com','133-678-7128',2,19),(789,'Kimble Stamp','4/17/1994','kstamplw@vistaprint.com','649-343-8106',2,3),(790,'Gunner Macilhench','6/7/1863','gmacilhenchlx@chicagotribune.com','123-922-4775',1,17),(791,'Barris Franckton','1/17/2008','bfrancktonly@barnesandnoble.com','283-525-9097',1,15),(792,'Maribel Siflet','7/30/1840','msifletlz@barnesandnoble.com','910-676-0015',2,24),(793,'Marcy Jagson','5/8/2012','mjagsonm0@statcounter.com','178-643-8528',2,5),(794,'Wakefield Hayworth','7/29/1894','whayworthm1@deviantart.com','195-591-2675',2,21),(795,'Myrah Ketton','11/16/1968','mkettonm2@miibeian.gov.cn','396-253-5035',1,23),(796,'Verney Punter','9/18/1883','vpunterm3@ovh.net','951-674-6259',2,12),(797,'Barrie Fruser','1/24/1979','bfruserm4@umn.edu','232-694-5858',1,16),(798,'Tanner Acors','4/28/1934','tacorsm5@forbes.com','411-329-9517',1,13),(799,'Giorgia Titley','9/7/1859','gtitleym6@tripadvisor.com','514-601-0449',2,30),(800,'Barb Toffalo','3/6/1945','btoffalom7@cpanel.net','187-991-5230',1,18);
/*!40000 ALTER TABLE `customers` ENABLE KEYS */;
UNLOCK TABLES;

--
-- Table structure for table `custtype`
--

DROP TABLE IF EXISTS `custtype`;
/*!40101 SET @saved_cs_client     = @@character_set_client */;
/*!50503 SET character_set_client = utf8mb4 */;
CREATE TABLE `custtype` (
  `TypeInt` int NOT NULL,
  `TypeChar` varchar(45) DEFAULT NULL,
  PRIMARY KEY (`TypeInt`)
) ENGINE=InnoDB DEFAULT CHARSET=utf8;
/*!40101 SET character_set_client = @saved_cs_client */;

--
-- Dumping data for table `custtype`
--

LOCK TABLES `custtype` WRITE;
/*!40000 ALTER TABLE `custtype` DISABLE KEYS */;
INSERT INTO `custtype` VALUES (1,'Rec'),(2,'Med');
/*!40000 ALTER TABLE `custtype` ENABLE KEYS */;
UNLOCK TABLES;

--
-- Table structure for table `doctor`
--

DROP TABLE IF EXISTS `doctor`;
/*!40101 SET @saved_cs_client     = @@character_set_client */;
/*!50503 SET character_set_client = utf8mb4 */;
CREATE TABLE `doctor` (
  `DoctorID` int NOT NULL,
  `CompanyName` varchar(45) DEFAULT NULL,
  `ContactFirstName` varchar(45) DEFAULT NULL,
  `ContactLastName` varchar(45) DEFAULT NULL,
  `Phone` varchar(45) DEFAULT NULL,
  `Email` varchar(45) DEFAULT NULL,
  `LocationID` int NOT NULL,
  PRIMARY KEY (`DoctorID`),
  UNIQUE KEY `DoctorID_UNIQUE` (`DoctorID`),
  KEY `fk_Doctor_Location_idx` (`LocationID`),
  CONSTRAINT `fk_Doctor_Location` FOREIGN KEY (`LocationID`) REFERENCES `location` (`locationID`)
) ENGINE=InnoDB DEFAULT CHARSET=utf8;
/*!40101 SET character_set_client = @saved_cs_client */;

--
-- Dumping data for table `doctor`
--

LOCK TABLES `doctor` WRITE;
/*!40000 ALTER TABLE `doctor` DISABLE KEYS */;
INSERT INTO `doctor` VALUES (1,'Conn-Abernathy','Ezra','Sperwell','928-655-7794','esperwell0@jimdo.com',15),(2,'Trantow-Brekke','Philipa','Keri','685-345-2233','pkeri1@parallels.com',14),(3,'Weimann-Mann','Kaleb','Vint','734-907-2809','kvint2@ow.ly',4),(4,'Bahringer and Sons','Felix','Darbishire','455-376-8475','fdarbishire3@answers.com',10),(5,'Hane-Stehr','Jilli','Batchellor','411-281-9335','jbatchellor4@home.pl',4),(6,'Rodriguez Inc','Ania','Tabourier','315-548-1195','atabourier5@example.com',3),(7,'Rau, Brown and Spencer','Polly','Farnan','275-743-2550','pfarnan6@miibeian.gov.cn',6),(8,'Bayer, Schuster and Durgan','Lannie','Butterwick','435-136-3330','lbutterwick7@chron.com',15),(9,'Mante, Ferry and Crist','Barnie','Drust','800-987-5766','bdrust8@blogger.com',13),(10,'Ortiz LLC','Noni','Paszak','116-684-6115','npaszak9@aol.com',2),(11,'MacGyver, Ernser and Trantow','Dacey','Jacobsen','957-988-1359','djacobsena@columbia.edu',11),(12,'Bergnaum-Nader','Larine','Isaq','124-260-0818','lisaqb@dedecms.com',12),(13,'Abshire-Casper','Elsie','Buggy','555-644-3571','ebuggyc@tinypic.com',13),(14,'Klocko, Kunde and Wiza','Josi','Cowan','350-404-5764','jcowand@forbes.com',13),(15,'Watsica Group','Dulcinea','Najera','843-259-0660','dnajerae@omniture.com',9),(16,'Koelpin and Sons','Pippo','Rait','712-139-8662','praitf@hugedomains.com',11),(17,'Donnelly, Schinner and Keeling','Ingmar','Priestley','465-925-8562','ipriestleyg@msu.edu',3),(18,'Flatley, Leannon and Pouros','Morse','Heavyside','751-819-8784','mheavysideh@epa.gov',12),(19,'Funk and Sons','Waldo','Kingswell','667-245-3196','wkingswelli@cnn.com',9),(20,'Gusikowski, Ruecker and Rogahn','Flss','Guess','429-319-4567','fguessj@adobe.com',13),(21,'Bins LLC','Romy','Minter','700-137-6962','rminterk@mac.com',5),(22,'Crist-Hudson','Hernando','Lidster','603-548-0622','hlidsterl@miitbeian.gov.cn',1),(23,'Runolfsson, Mills and Bahringer','Jasen','Patchett','855-731-9329','jpatchettm@miibeian.gov.cn',3),(24,'Nitzsche, Glover and Davis','Shelden','Humby','211-778-7408','shumbyn@amazon.co.jp',11),(25,'Gutkowski, Lubowitz and Crona','Jaquenette','McEntegart','381-144-5010','jmcentegarto@yelp.com',8),(26,'Casper LLC','Julina','Twitchings','346-761-0887','jtwitchingsp@phpbb.com',3),(27,'Breitenberg, Hane and Green','Leonora','Saxon','125-746-4375','lsaxonq@tamu.edu',11),(28,'Deckow, Howe and Rohan','Hewett','Kobsch','820-356-3501','hkobschr@live.com',4),(29,'Mayer-Paucek','Gallard','Giacomini','457-744-9740','ggiacominis@tmall.com',14),(30,'Wunsch, Hilpert and Jast','Monte','Thurbon','327-409-3546','mthurbont@opensource.org',15);
/*!40000 ALTER TABLE `doctor` ENABLE KEYS */;
UNLOCK TABLES;

--
-- Table structure for table `employee`
--

DROP TABLE IF EXISTS `employee`;
/*!40101 SET @saved_cs_client     = @@character_set_client */;
/*!50503 SET character_set_client = utf8mb4 */;
CREATE TABLE `employee` (
  `EmployeeID` int NOT NULL,
  `EmployeeName` varchar(45) DEFAULT NULL,
  `StartDate` varchar(45) DEFAULT NULL,
  `Location_locationID` int NOT NULL,
  PRIMARY KEY (`EmployeeID`),
  KEY `fk_Employee_Location1_idx` (`Location_locationID`),
  CONSTRAINT `fk_Employee_Location1` FOREIGN KEY (`Location_locationID`) REFERENCES `location` (`locationID`)
) ENGINE=InnoDB DEFAULT CHARSET=utf8;
/*!40101 SET character_set_client = @saved_cs_client */;

--
-- Dumping data for table `employee`
--

LOCK TABLES `employee` WRITE;
/*!40000 ALTER TABLE `employee` DISABLE KEYS */;
INSERT INTO `employee` VALUES (1,'Conrad Beaven','11/7/2020',3),(2,'Ivy Joynson','2/18/2020',2),(3,'Carlene Haburne','4/19/2020',3),(4,'Dorene Waything','7/5/2020',7),(5,'Dorie Lambshine','7/21/2020',15),(6,'Theo Vedenyakin','7/16/2020',7),(7,'Michelle Curran','3/9/2020',10),(8,'Rozanna Paddison','5/28/2020',8),(9,'Nico Tremathick','4/18/2020',7),(10,'Isac Arnholz','12/26/2019',12),(11,'Fay Jorg','4/16/2020',1),(12,'Stacie Helsby','3/26/2020',7),(13,'Bird Coltman','6/2/2020',11),(14,'Erina Soppeth','3/30/2020',10),(15,'Georgette Hosburn','6/1/2020',1),(16,'Tine Granville','3/14/2020',2),(17,'Lambert Bosomworth','3/27/2020',12),(18,'Salli Orehead','11/19/2019',3),(19,'Rice Levins','12/8/2019',14),(20,'Hali Hayward','11/1/2020',4),(21,'Bree Corker','3/27/2020',1),(22,'Sophi Colvin','11/8/2020',8),(23,'Brooks Shildrake','4/3/2020',11),(24,'Milena Emby','9/24/2020',12),(25,'Morganica Trye','11/11/2020',9),(26,'Concordia Thaxter','3/23/2020',10),(27,'Helga Petrushanko','8/26/2020',5),(28,'Tiffy Knutsen','5/14/2020',15),(29,'Madelena Steane','9/6/2020',12),(30,'Kristi Landsbury','4/9/2020',10),(31,'Petey Osborne','8/3/2020',15),(32,'Enoch Simnett','3/2/2020',13),(33,'Gabbie Goodfield','5/19/2020',13),(34,'Erma Corteis','11/23/2019',12),(35,'Geri Cortez','4/30/2020',6),(36,'Freeland Willingam','11/13/2019',1),(37,'Aluin Gajewski','10/15/2020',6),(38,'Garry Gronav','11/24/2019',3),(39,'Louella Rowsel','7/10/2020',1),(40,'Tibold Kivelle','7/19/2020',2),(41,'Toiboid Whatsize','3/9/2020',3),(42,'Coop Shann','8/31/2020',1),(43,'Josephina Beagen','7/5/2020',12),(44,'Latashia Thowless','11/3/2020',15),(45,'Kris Brandon','1/2/2020',10),(46,'Bradan Breit','1/4/2020',13),(47,'Horacio Bagshawe','10/18/2020',1),(48,'Orel Hynd','4/11/2020',8),(49,'Lucas Duffitt','7/31/2020',11),(50,'Cecil Kew','3/2/2020',7),(51,'Ketti Ghidoni','7/18/2020',1),(52,'Whitby Lambal','4/26/2020',8),(53,'Sara-ann Nyland','1/22/2020',7),(54,'Myrah Scudamore','9/26/2020',9),(55,'Ediva Scrivens','11/8/2020',5),(56,'Lilla Esch','5/26/2020',7),(57,'Cynthy Dodds','4/11/2020',2),(58,'Kingsly Vaughton','10/14/2020',8),(59,'Darrelle Sappell','3/29/2020',5),(60,'Seth Poile','12/29/2019',1),(61,'Lorry Huggons','3/11/2020',3),(62,'Phylis Runacres','6/26/2020',13),(63,'Mischa Halahan','11/16/2019',13),(64,'Julie Tanser','3/15/2020',10),(65,'Gustav Breagan','3/28/2020',5),(66,'Phillipp Foxcroft','5/26/2020',11),(67,'Isobel Brise','5/28/2020',14),(68,'Anet Dockwra','1/13/2020',14),(69,'Timmie Ciardo','12/28/2019',9),(70,'Marge O\'Donoghue','2/24/2020',3),(71,'Odelia Mutimer','4/24/2020',11),(72,'Linus Bibbie','7/2/2020',3),(73,'Lianna Yurmanovev','3/2/2020',9),(74,'Annora Shynn','1/10/2020',6),(75,'Kathe Kelleway','1/28/2020',7),(76,'Ruthi Mence','11/16/2019',6),(77,'Terri Hovie','10/2/2020',12),(78,'Felike Osbidston','8/5/2020',1),(79,'Lou Gimbrett','7/31/2020',10),(80,'Beatriz Minshull','3/15/2020',15),(81,'Hy Limbourne','1/25/2020',8),(82,'Aindrea Andrzejowski','12/2/2019',6),(83,'Pauline O\' Quirk','3/21/2020',11),(84,'Sergei Slisby','5/10/2020',11),(85,'Rich Burker','10/2/2020',3),(86,'Dana MacCauley','3/21/2020',11),(87,'Erek Yendall','9/21/2020',14),(88,'Sheelagh Downes','12/16/2019',11),(89,'Carmelita MacGragh','9/1/2020',1),(90,'Kamillah Megarry','8/15/2020',9),(91,'Garry Lygo','11/16/2019',8),(92,'Maggy Roads','3/30/2020',5),(93,'Pepito Whatling','2/9/2020',12),(94,'Consalve Leggate','12/19/2019',6),(95,'Rene Enriques','8/30/2020',3),(96,'Marilee Falshaw','7/18/2020',15),(97,'Kendricks Blewmen','11/16/2019',3),(98,'Cornie Gawn','7/1/2020',3),(99,'Bobbe Bissex','6/21/2020',2),(100,'Berne Bloodworthe','4/1/2020',9);
/*!40000 ALTER TABLE `employee` ENABLE KEYS */;
UNLOCK TABLES;

--
-- Table structure for table `location`
--

DROP TABLE IF EXISTS `location`;
/*!40101 SET @saved_cs_client     = @@character_set_client */;
/*!50503 SET character_set_client = utf8mb4 */;
CREATE TABLE `location` (
  `locationID` int NOT NULL,
  `Street` varchar(45) DEFAULT NULL,
  `City` varchar(45) DEFAULT NULL,
  `State` varchar(45) DEFAULT NULL,
  `Zip` varchar(45) DEFAULT NULL,
  PRIMARY KEY (`locationID`),
  UNIQUE KEY `locationID_UNIQUE` (`locationID`)
) ENGINE=InnoDB DEFAULT CHARSET=utf8;
/*!40101 SET character_set_client = @saved_cs_client */;

--
-- Dumping data for table `location`
--

LOCK TABLES `location` WRITE;
/*!40000 ALTER TABLE `location` DISABLE KEYS */;
INSERT INTO `location` VALUES (1,'Dorton','Portland','OR','97229'),(2,'Hallows','Houston','TX','77206'),(3,'Forest Run','Huntington','WV','25705'),(4,'Express','New York City','NY','10004'),(5,'Kenwood','Memphis','TN','38181'),(6,'Pearson','El Paso','TX','88579'),(7,'Blackbird','Pittsburgh','PA','15220'),(8,'Valley Edge','Kingsport','TN','37665'),(9,'Derek','Asheville','NC','28805'),(10,'Arkansas','Irvine','CA','92710'),(11,'Prairie Rose','Madison','WI','53790'),(12,'Farwell','Kansas City','MO','64160'),(13,'Tennyson','Boise','ID','83732'),(14,'Dayton','El Paso','TX','79940'),(15,'Green','Norfolk','VA','23520');
/*!40000 ALTER TABLE `location` ENABLE KEYS */;
UNLOCK TABLES;

--
-- Table structure for table `product`
--

DROP TABLE IF EXISTS `product`;
/*!40101 SET @saved_cs_client     = @@character_set_client */;
/*!50503 SET character_set_client = utf8mb4 */;
CREATE TABLE `product` (
  `ProductID` int NOT NULL,
  `ProductName` varchar(45) DEFAULT NULL,
  `CategoryID` int NOT NULL,
  `Vendors_VendorID` int NOT NULL,
  `VendorPrice` double DEFAULT NULL,
  PRIMARY KEY (`ProductID`),
  KEY `fk_Product_Category1_idx` (`CategoryID`),
  KEY `fk_Product_Vendors1_idx` (`Vendors_VendorID`),
  CONSTRAINT `fk_Product_Category1` FOREIGN KEY (`CategoryID`) REFERENCES `category` (`CategoryID`),
  CONSTRAINT `fk_Product_Vendors1` FOREIGN KEY (`Vendors_VendorID`) REFERENCES `vendors` (`VendorID`)
) ENGINE=InnoDB DEFAULT CHARSET=utf8;
/*!40101 SET character_set_client = @saved_cs_client */;

--
-- Dumping data for table `product`
--

LOCK TABLES `product` WRITE;
/*!40000 ALTER TABLE `product` DISABLE KEYS */;
INSERT INTO `product` VALUES (1,'Super Sour Diesel',1,2,190.15),(2,'Tahoe OG ',1,4,67.07),(3,'Super Sour Diesel',1,8,121.03),(4,'Gorilla Glue 4',2,5,29.15),(5,'Tahoe OG ',1,7,66.12),(6,'Afghani ',1,9,53.93),(7,'Afghani ',1,3,131.76),(8,'Cinderella 99 ',1,9,128.41),(9,'Super Sour Diesel',1,8,196.99),(10,'Life Saver',2,9,168.21),(11,'Cinderella 99 ',1,5,67.32),(12,'Afghani ',1,8,165.27),(13,'Super Sour Diesel',1,10,65.08),(14,'Girl Scout Cookies',2,9,28.6),(15,'Purple Kush',1,1,151.36),(16,'Super Sour Diesel',2,5,71.64),(17,'Tangerine Haze',1,1,186.93),(18,'Tahoe OG ',2,7,90.45),(19,'Super Sour Diesel',2,10,93.65),(20,'Purple Kush ',2,8,193.41);
/*!40000 ALTER TABLE `product` ENABLE KEYS */;
UNLOCK TABLES;

--
-- Table structure for table `productdetails`
--

DROP TABLE IF EXISTS `productdetails`;
/*!40101 SET @saved_cs_client     = @@character_set_client */;
/*!50503 SET character_set_client = utf8mb4 */;
CREATE TABLE `productdetails` (
  `Product_ProductID` int NOT NULL,
  `Strain` varchar(45) DEFAULT NULL,
  `Potency` varchar(45) DEFAULT NULL,
  `Size` varchar(45) DEFAULT NULL,
  PRIMARY KEY (`Product_ProductID`),
  KEY `fk_ProductDetails_Product1_idx` (`Product_ProductID`),
  CONSTRAINT `fk_ProductDetails_Product1` FOREIGN KEY (`Product_ProductID`) REFERENCES `product` (`ProductID`)
) ENGINE=InnoDB DEFAULT CHARSET=utf8;
/*!40101 SET character_set_client = @saved_cs_client */;

--
-- Dumping data for table `productdetails`
--

LOCK TABLES `productdetails` WRITE;
/*!40000 ALTER TABLE `productdetails` DISABLE KEYS */;
INSERT INTO `productdetails` VALUES (1,'Hybrid','24%','Half'),(2,'Hybrid','14%','Quarter'),(3,'Sativa','14%','1oz'),(4,'Hybrid','16%','1oz'),(5,'Hybrid','26%','1oz'),(6,'Indica','19%','Eighth'),(7,'Indica','21%','1oz'),(8,'Hybrid','17%','1oz'),(9,'Sativa','21%','Quarter'),(10,'Hybrid','17%','1oz'),(11,'Sativa','17%','Quarter'),(12,'Indica','26%','1oz'),(13,'Sativa','26%','Half'),(14,'Hybrid','26%','1oz'),(15,'Hybrid','26%','1oz'),(16,'Indica','21%','Half'),(17,'Sativa','24%','Half'),(18,'Indica','14%','Quarter'),(19,'Indica','26%','Quarter'),(20,'Sativa','26%','Eighth');
/*!40000 ALTER TABLE `productdetails` ENABLE KEYS */;
UNLOCK TABLES;

--
-- Table structure for table `transactiondetails`
--

DROP TABLE IF EXISTS `transactiondetails`;
/*!40101 SET @saved_cs_client     = @@character_set_client */;
/*!50503 SET character_set_client = utf8mb4 */;
CREATE TABLE `transactiondetails` (
  `Transactions_TransactionID` int NOT NULL,
  `Product_ProductID` int NOT NULL,
  `QuantityPurchased` double DEFAULT NULL,
  `SalePrice` double DEFAULT NULL,
  KEY `fk_TransactionDetails_Product1_idx` (`Product_ProductID`),
  KEY `fk_TransactionDetails_Transactions1` (`Transactions_TransactionID`),
  CONSTRAINT `fk_TransactionDetails_Product1` FOREIGN KEY (`Product_ProductID`) REFERENCES `product` (`ProductID`),
  CONSTRAINT `fk_TransactionDetails_Transactions1` FOREIGN KEY (`Transactions_TransactionID`) REFERENCES `transactions` (`TransactionID`)
) ENGINE=InnoDB DEFAULT CHARSET=utf8;
/*!40101 SET character_set_client = @saved_cs_client */;

--
-- Dumping data for table `transactiondetails`
--

LOCK TABLES `transactiondetails` WRITE;
/*!40000 ALTER TABLE `transactiondetails` DISABLE KEYS */;
INSERT INTO `transactiondetails` VALUES (731,1,5,118.63),(211,14,5,61.94),(116,11,2,126.5),(344,20,4,178.54),(258,9,5,55.61),(340,6,3,62.54),(646,18,2,168.7),(540,9,3,114.92),(238,7,5,182.7),(479,17,1,238.32),(971,12,4,136.78),(438,12,2,101.52),(197,18,5,104.69),(849,1,4,169.39),(558,12,4,67.51),(185,10,5,161.58),(508,20,2,74.98),(622,14,3,60.32),(831,16,2,51.56),(661,13,4,242.74),(81,11,1,163.09),(32,16,3,213.75),(882,11,1,137.12),(823,11,5,201.6),(620,15,5,200.71),(716,4,3,140.71),(96,19,1,136.03),(567,20,3,147.21),(654,10,5,77.29),(528,13,1,208.5),(224,11,5,113.82),(656,7,2,176.5),(105,14,1,210),(285,18,5,147.03),(623,15,4,244.16),(377,3,4,99.86),(439,20,2,221.86),(935,8,1,112.41),(894,15,2,82.05),(846,18,5,62.55),(408,3,2,92.9),(84,10,1,115.79),(196,8,5,94.76),(23,7,4,117.46),(178,19,5,77.79),(842,10,4,105.99),(886,15,4,149.07),(222,12,3,175.86),(345,12,4,228.3),(584,9,5,171.21),(698,6,3,99.73),(185,11,5,235.31),(239,20,5,142.39),(546,2,2,176.14),(992,14,5,55.86),(82,19,2,160.83),(869,4,1,148.17),(982,20,3,195.99),(15,13,2,236.51),(431,18,5,139.59),(984,4,5,198.48),(608,15,1,164.19),(918,1,2,85.24),(805,13,5,63.32),(153,13,1,161.55),(493,14,3,148.66),(724,14,5,91.57),(549,15,2,183.97),(627,9,1,200.31),(151,5,2,224.4),(623,12,1,56.99),(319,6,4,226.19),(419,7,1,119.16),(376,8,5,222.14),(520,5,4,136.39),(463,8,3,167.97),(307,12,1,193.16),(867,19,5,221.04),(814,2,5,139.82),(165,2,5,65.49),(248,5,1,237.52),(579,5,5,226.28),(234,13,2,115.7),(880,2,5,57.99),(995,20,4,50.21),(626,2,5,83.02),(197,16,2,83.17),(962,1,4,197.26),(339,18,2,112.57),(265,17,1,132.44),(367,20,3,156.65),(649,17,2,126.37),(610,10,3,198.65),(105,13,4,126.8),(725,8,3,85.29),(193,12,4,245.39),(788,9,1,81.87),(487,6,3,129.43),(825,15,2,203.14),(487,2,2,228.34),(627,7,2,161),(81,2,4,81.03),(677,11,2,236.73),(252,12,5,150.48),(235,10,4,178.21),(226,12,1,71.91),(52,6,5,173.62),(399,3,1,104.74),(395,5,4,220.43),(805,13,3,82.01),(489,4,5,200.44),(69,20,2,229.52),(33,16,4,165.26),(734,16,1,180.01),(157,14,1,217.19),(340,2,5,144.56),(50,8,5,124.24),(217,2,2,223.06),(168,20,5,170),(73,5,5,81.27),(964,17,3,138.7),(510,7,1,91.05),(290,4,3,231.19),(92,3,4,237.73),(170,5,2,145.69),(555,5,4,86.75),(188,19,5,214.52),(572,8,5,58.92),(329,4,5,198.16),(970,1,5,239.78),(876,6,2,141.94),(668,18,1,77.85),(810,8,2,204.91),(49,18,1,237.63),(115,3,3,58.16),(108,7,4,181.77),(934,19,2,165.92),(358,15,5,225.96),(255,14,4,207.69),(359,16,1,204.13),(209,17,1,147.71),(894,2,3,126.87),(130,9,4,133.8),(673,14,2,81.66),(227,15,4,219.47),(478,18,5,55.57),(433,15,4,53.16),(885,6,4,50.69),(727,5,3,79.16),(598,18,2,187.36),(387,1,3,140.75),(385,17,2,184.4),(218,1,3,159.96),(408,4,1,142.24),(38,1,5,192.35),(616,1,1,154.38),(202,7,4,115.54),(765,10,4,121.55),(754,11,3,241.15),(516,10,4,67.93),(460,17,3,57.83),(561,10,2,127.7),(145,14,1,82.49),(23,10,2,150.11),(492,7,1,130.62),(874,1,1,73.62),(936,16,2,145.84),(976,11,4,232.98),(962,18,3,135.19),(118,15,2,193.94),(500,18,4,54.2),(749,16,1,193.54),(250,3,5,240.9),(899,11,5,101.44),(495,18,3,145.24),(323,15,4,78.03),(183,19,4,146.05),(641,8,2,67.04),(915,19,2,160.69),(780,8,1,240.47),(797,17,3,166.71),(160,3,1,129.64),(301,16,5,239.94),(314,2,1,102.74),(387,1,3,98.57),(468,17,2,117.65),(442,6,2,148.85),(983,1,3,66.86),(573,13,2,90.27),(929,11,4,169.85),(102,3,3,145.3),(81,3,5,58.86),(437,2,2,242.22),(664,18,2,114.9),(480,3,1,234.54),(871,7,2,198.82),(251,6,5,139.11),(12,14,4,149.46),(694,8,4,172.67),(4,15,2,67.63),(778,11,2,126.42),(768,10,2,175.3),(932,5,4,67),(470,19,2,80.53),(915,17,3,242.98),(373,9,3,198.31),(950,10,1,173.79),(638,6,5,82.95),(435,1,3,213.74),(380,19,1,59.91),(880,5,2,192.53),(127,10,3,169.96),(945,13,4,107.68),(364,8,4,89.15),(370,12,2,177.44),(143,19,3,104.81),(425,14,1,179.36),(449,19,1,198.15),(75,20,4,237.05),(281,2,1,172.53),(479,3,2,128.03),(169,20,5,130.63),(776,7,4,184.82),(181,1,2,61.74),(372,19,5,114.27),(425,1,1,204.05),(221,16,2,205.74),(366,16,3,135.33),(102,13,1,142.82),(677,12,2,60.97),(283,4,3,244.88),(336,17,5,79.47),(139,5,3,211.76),(162,2,5,166.45),(409,18,1,74.68),(457,11,4,121.48),(262,11,2,214.34),(407,15,3,88.47),(610,13,4,148.32),(473,4,1,161.09),(561,6,2,147.07),(23,5,5,120.52),(214,17,5,93.59),(980,14,2,191.34),(354,13,3,149.12),(332,9,1,137.89),(992,16,2,92.82),(33,17,5,105.21),(750,5,4,175.27),(224,14,1,136.74),(369,18,3,100.21),(297,9,1,81.86),(515,5,2,108.23),(920,18,1,58.05),(550,18,3,203.16),(725,19,3,229.89),(941,10,1,84.81),(70,18,5,75.66),(904,7,3,101.37),(373,16,5,228.47),(726,9,3,156.26),(60,11,2,172.7),(618,16,4,173.72),(380,13,4,101.29),(466,4,3,213.83),(510,15,2,248.04),(281,9,3,179.36),(764,14,5,243.71),(436,7,4,58.13),(414,17,3,118.77),(207,17,5,111.44),(130,20,1,150.55),(750,5,4,150.1),(332,17,5,195.02),(896,8,4,134.74),(376,10,1,216.62),(398,14,4,201.57),(323,13,2,133.93),(488,19,4,155.66),(506,1,5,111.3),(772,18,5,243.63),(949,6,5,216.38),(769,11,2,63.69),(827,7,1,153.46),(667,9,1,97.1),(926,2,3,169.45),(11,2,4,70.57),(15,7,4,227.9),(510,8,1,209.85),(433,11,5,241.54),(787,20,3,140.63),(409,6,5,140.92),(695,3,3,177.76),(422,2,4,169.08),(613,20,2,229.7),(181,1,2,168.63),(192,9,3,234.36),(601,16,4,190.73),(502,20,2,114.01),(710,9,2,79.49),(221,8,3,206.92),(462,2,3,143.22),(966,17,5,95.49),(563,17,3,202.45),(489,2,5,227.61),(947,10,5,66.58),(854,17,2,103.08),(508,16,5,86.14),(329,7,1,65.22),(133,14,4,123.83),(5,18,1,76.88),(430,11,2,173.66),(262,12,1,128.77),(786,11,3,122.61),(208,11,5,195.93),(487,7,3,93.17),(90,16,1,151.14),(367,18,2,127.04),(89,14,4,58.26),(858,12,5,228.44),(858,3,5,240.44),(32,10,1,202.47),(423,20,1,160.5),(532,9,2,245.69),(966,19,2,245.61),(373,13,1,144.3),(52,7,3,187.3),(395,18,3,110.25),(944,16,5,81.04),(826,14,5,232.95),(889,20,2,91.62),(743,17,5,242.95),(350,3,5,122.66),(326,8,2,204.55),(738,12,1,240.4),(762,3,5,94),(202,9,4,218.46),(958,7,1,212.06),(584,9,1,210.72),(464,15,4,53.88),(337,7,2,50.36),(497,19,2,52.86),(894,6,3,222.15),(402,12,4,235.34),(51,20,5,158.02),(921,14,3,194.16),(626,3,2,175.25),(624,13,3,151.99),(805,14,1,184.85),(604,16,1,235.39),(884,4,4,99.86),(456,17,5,233.83),(293,6,2,163.18),(107,1,1,212.97),(786,4,2,91.59),(410,19,2,108.82),(27,12,4,205.56),(164,5,1,153.82),(434,17,4,159.55),(878,6,5,161.01),(907,13,5,211.05),(888,10,1,162.65),(149,14,2,84.92),(500,12,4,87.58),(969,2,2,217.58),(396,15,2,176.43),(214,8,5,230.52),(56,4,2,220.5),(392,3,3,82.68),(250,18,1,227.62),(235,12,2,248.46),(700,10,2,145.53),(146,4,1,225.78),(384,2,5,154.23),(953,15,3,229.98),(16,20,5,183.67),(157,19,3,119.28),(217,4,1,55.66),(173,2,5,186.56),(883,11,2,166.83),(405,1,4,198.65),(293,14,3,110.62),(598,5,3,137.54),(920,15,1,78.11),(713,14,5,151.38),(333,5,3,80.63),(10,17,1,73.37),(340,3,1,138.34),(225,17,5,208.84),(324,10,3,118.69),(388,20,4,162.68),(534,8,2,156.03),(454,10,2,232.32),(483,9,5,171.06),(344,9,2,69.38),(682,19,3,245.55),(236,18,5,118.57),(569,12,3,52.24),(712,13,5,182.52),(588,17,2,133.07),(770,8,1,79.95),(309,20,5,140.05),(369,5,2,136.68),(540,16,1,130.42),(513,15,3,214.84),(31,1,5,98.28),(129,2,3,240.86),(150,7,1,164.72),(834,4,2,76.33),(944,3,4,88.67),(388,3,3,58.67),(828,17,4,112.97),(520,8,5,233.04),(362,5,2,124.08),(138,4,2,224.24),(29,16,1,144.01),(479,20,4,137.54),(526,11,5,141.69),(27,1,1,195.45),(67,20,3,231.95),(642,16,3,204.73),(249,18,1,107.07),(348,7,1,81.39),(172,10,2,106.45),(365,8,3,171.97),(483,13,2,102.57),(907,18,1,128.58),(303,4,1,169.38),(220,10,4,89.06),(447,5,4,235.06),(114,7,2,192.99),(337,8,3,114.08),(35,4,5,63.86),(143,8,3,71.44),(302,6,2,51.13),(942,12,1,224.99),(226,15,3,176.91),(266,8,1,87.67),(254,2,3,214.97),(350,8,4,197.66),(947,4,5,77.91),(539,10,1,113.38),(826,4,3,58.45),(164,13,4,124.51),(890,7,5,233.96),(404,16,5,242.73),(70,11,4,150.23),(892,2,5,104.92),(979,3,1,205.55),(245,18,2,79.01),(944,11,3,214.39),(379,12,4,138.43),(612,15,4,238.16),(78,7,1,129.45),(397,13,1,64.11),(397,14,3,88.55),(953,15,3,101.23),(168,13,4,82.16),(340,7,2,134.44),(312,18,5,242.3),(736,3,4,70.48),(953,5,2,187.07),(731,2,2,90.55),(648,19,1,152.2),(284,4,3,118.25),(636,10,3,81.19),(514,13,2,70.19),(711,18,1,214.85),(357,18,4,241.97),(115,14,1,107.09),(74,4,2,190.27),(553,18,3,180.28),(455,12,3,104.64),(980,2,3,54.4),(340,13,5,243.75),(661,19,5,195.78),(186,8,5,123.38),(404,5,1,227.11),(297,17,2,125.94),(215,6,1,139.69),(222,6,5,172.58),(932,15,4,248.44),(552,2,2,233.72),(827,17,3,59.71),(317,7,3,107.5),(138,12,1,87.64),(828,4,2,229.46),(249,4,5,59.68),(368,11,3,61.44),(523,11,5,52.1),(143,18,1,227.65),(399,9,5,77.94),(809,4,4,66.05),(951,16,3,72.22),(517,3,3,77.96),(633,4,1,135.38),(512,3,5,104.72),(763,15,1,232.67),(835,20,2,153.3),(522,19,3,239.5),(423,4,3,157.19),(649,14,3,100.84),(870,16,4,170.28),(451,8,4,228.38),(342,9,1,163.16),(789,5,5,82.46),(939,18,2,214.25),(991,10,5,165.01),(113,11,2,115.07),(802,20,3,124.47),(699,16,3,205.65),(916,19,1,130.45),(849,6,3,114.67),(736,10,2,101.27),(796,7,5,187.33),(651,14,2,109.59),(11,8,4,204.35),(735,1,3,52.85),(62,4,3,195.15),(595,20,1,75.66),(332,12,4,243.73),(591,4,3,156.19),(539,10,2,106.38),(446,14,4,139.03),(946,7,1,167.6),(934,20,1,76.1),(723,18,1,157.37),(54,19,1,83.9),(409,10,4,152.82),(434,3,5,197.41),(731,2,5,94.71),(257,5,1,128.95),(246,19,4,163.18),(546,2,2,106.74),(219,3,5,170.46),(444,6,2,218.55),(362,6,1,222.94),(624,15,5,227.8),(738,18,4,56.86),(591,20,3,227.33),(206,19,2,160.31),(113,15,3,159.8),(953,19,2,136.33),(871,17,1,87.43),(538,1,5,109.01),(827,5,5,103.56),(374,5,1,109.63),(170,16,5,230.07),(352,5,4,78.47),(447,12,5,67.75),(709,17,4,88.76),(236,15,5,124.14),(553,13,4,231.85),(683,12,2,137.45),(272,2,5,182.03),(659,16,2,115.53),(980,6,3,179.85),(877,6,2,239.13),(690,12,3,132.29),(274,10,5,116.95),(536,1,3,249.47),(802,2,4,172.64),(465,6,5,145.62),(408,12,5,127.32),(921,1,1,159.64),(57,6,5,220.58),(477,18,4,219.99),(208,8,5,212.65),(554,5,3,56.64),(169,3,3,128.49),(504,14,1,67.09),(713,7,3,93.96),(89,4,2,62.18),(61,6,1,99.58),(556,1,1,196.08),(122,11,2,160.93),(285,3,5,161.12),(622,16,4,139.94),(721,4,5,64.33),(161,6,2,200.87),(7,7,3,79.07),(924,5,4,78.28),(127,1,5,138.6),(511,5,5,247.94),(132,6,1,161.27),(477,10,2,86.9),(213,14,5,223.95),(229,6,2,128.37),(972,9,3,175.8),(851,10,4,168.18),(795,5,4,247.66),(863,14,1,99.41),(696,7,2,164.82),(674,15,5,126.36),(841,4,2,115.27),(364,6,4,99.41),(238,12,1,154.77),(886,14,5,104.6),(556,16,4,201.37),(202,17,1,209.03),(593,11,3,110.32),(749,20,3,105.3),(761,17,4,201.01),(304,6,5,53.18),(668,3,4,114.74),(324,8,5,166.04),(216,6,4,148.41),(992,8,3,216.01),(561,19,5,70.26),(362,5,4,216.19),(433,15,5,82.76),(494,20,4,187.47),(828,16,4,58.15),(589,1,5,77.65),(748,18,2,219.2),(135,16,5,74.35),(737,3,5,65.07),(895,20,4,143.42),(165,17,1,227.07),(555,2,3,75.95),(298,11,4,136.6),(809,5,3,141.53),(675,3,4,149.06),(750,6,1,124.88),(618,5,5,117.01),(11,6,5,174.74),(743,1,2,126.66),(30,9,4,192.41),(252,3,2,135.05),(523,12,3,180.58),(58,10,3,229.35),(830,3,5,144.55),(6,5,3,62.76),(62,5,5,125.88),(482,1,2,63.56),(123,6,5,231.29),(230,3,5,179.06),(550,19,1,121.29),(400,15,2,203.95),(781,12,4,51.41),(309,3,2,89.87),(676,2,3,55.24),(207,7,3,221.68),(823,17,1,233.09),(739,14,5,230.64),(240,8,1,182.94),(806,4,3,152.75),(709,2,4,98.46),(766,12,3,246.13),(172,14,1,216.1),(638,6,4,248.77),(509,20,4,233.65),(852,15,3,210.55),(513,14,5,108.39),(329,3,4,218.84),(572,16,3,159.2),(587,15,5,239.66),(151,18,1,130.98),(293,19,1,121.65),(708,9,2,91.72),(226,20,1,199.93),(88,5,2,65.12),(690,12,2,188.18),(633,7,4,66.53),(342,12,1,214.99),(770,5,3,129.98),(313,18,3,247.33),(425,7,2,148.14),(499,11,2,172.83),(944,10,3,110.96),(812,3,3,103.24),(940,5,1,194.79),(851,1,2,249.16),(50,13,4,201.42),(614,10,3,180.03),(18,7,1,159.76),(675,16,2,158.64),(750,16,4,243.04),(448,7,4,195.52),(75,20,2,126.11),(510,4,1,110.94),(873,12,4,197.79),(262,3,3,158.49),(797,20,5,196.67),(651,18,4,191.05),(961,4,5,154.32),(997,19,5,235.52),(606,10,4,219),(146,2,2,80.04),(109,8,2,126.94),(419,8,3,127.97),(388,15,2,67.22),(655,19,1,223.13),(557,8,4,85.74),(160,2,5,104.93),(297,18,5,147.34),(983,20,5,245.25),(413,11,3,237.6),(137,2,1,167.82),(10,11,2,176.71),(47,6,1,70.72),(263,10,5,128.48),(971,17,2,198.35),(127,19,4,229.73),(155,9,2,122.69),(786,6,5,210.59),(789,20,3,153.1),(381,19,5,50.92),(984,14,3,221.65),(430,6,4,208.53),(336,9,4,205.8),(769,17,4,247.27),(799,12,5,153.1),(983,3,3,104.41),(468,4,3,109.01),(365,9,1,204.95),(422,8,3,167.37),(72,11,3,101.17),(278,3,5,63.91),(809,6,1,213.11),(896,2,3,189.89),(573,13,2,152.24),(176,4,3,246.98),(504,10,2,88.38),(847,2,3,186.99),(32,19,5,182.12),(417,6,3,120.26),(975,20,1,110.93),(105,20,2,164.25),(740,1,4,160.42),(285,9,1,190.94),(11,18,2,97.47),(969,10,4,106.37),(923,3,5,68.47),(45,2,4,159.95),(809,19,1,119.05),(26,1,3,196.47),(448,7,3,249.1),(888,19,4,107.78),(962,11,5,152.45),(26,20,3,61.63),(100,2,1,186.94),(486,18,5,127.76),(827,5,3,203.69),(435,15,2,223.1),(576,19,4,127.89),(674,6,2,249.01),(30,1,2,110.85),(484,18,5,92.45),(793,9,3,154.95),(786,15,5,178.88),(572,7,1,139.46),(488,9,2,63.07),(408,2,1,156.86),(117,16,4,159.45),(62,14,4,64.91),(495,17,1,56.89),(767,17,1,160.34),(198,18,3,189.47),(985,10,1,80.73),(751,3,3,230.43),(982,5,2,244.94),(888,5,3,116.13),(440,5,4,188.05),(493,4,3,202.41),(876,19,2,186.69),(94,18,4,62.13),(3,5,4,50.8),(243,14,1,209.45),(379,12,3,180.31),(640,8,2,241.98),(248,9,1,185.1),(288,20,3,172.61),(288,11,1,222.49),(747,17,1,89.56),(715,3,3,139.93),(374,20,2,249.53),(994,15,4,214.4),(596,7,1,175.68),(168,6,4,190.95),(651,3,2,103.53),(523,9,5,165.07),(662,13,1,240.09),(280,10,1,54.91),(230,16,4,204.57),(621,3,5,102.61),(812,15,2,208.23),(274,16,4,96.26),(669,14,4,212.39),(257,7,2,190.22),(556,1,2,138.07),(135,17,5,80.81),(775,20,1,170.44),(300,3,2,101.93),(818,8,2,243.75),(962,3,5,185.75),(222,10,5,202.82),(519,6,5,175.83),(1,20,4,72.65),(437,15,2,179.31),(741,7,1,125.79),(471,2,5,108.17),(807,1,5,85.84),(714,1,1,219.42),(765,18,1,100.62),(245,4,1,76.39),(10,18,5,87.03),(691,8,3,65.58),(639,14,1,119.27),(721,2,3,239.62),(868,20,3,146.92),(160,17,1,164.62),(950,12,5,136.14),(506,7,1,63.86),(645,7,5,109.61),(512,16,1,193.54),(790,4,1,197.45),(600,9,1,145.99),(392,15,1,85.1),(808,17,1,138.25),(416,14,5,57.6),(538,15,2,168.11),(820,10,1,166.74),(684,12,5,217.48),(279,5,3,50.9),(286,15,2,158.9),(147,11,1,79.41),(498,9,2,127.59),(326,10,1,71.05),(3,4,5,228.29),(534,2,1,126.04),(781,11,5,245.04),(98,3,1,131.39),(657,11,2,111.53),(927,6,4,148.8),(117,15,2,162.97),(28,4,3,96.38),(724,9,4,66.79),(485,7,1,182.52),(246,2,5,67.8),(969,10,1,196.91),(975,20,3,139.04),(712,7,5,134.95),(67,14,1,151.8),(420,13,1,143.17),(437,5,4,137.15),(993,18,2,109.09),(749,16,5,216.28),(815,17,3,65.82),(195,3,1,162.18),(50,17,3,62.98),(522,11,1,227.92),(132,2,2,191.34),(320,4,4,199.22),(812,3,3,81.37),(786,12,3,112.18),(7,12,1,153.44),(320,16,1,56.57),(317,5,5,216.85),(565,14,5,118.14),(648,11,5,56.05),(108,7,1,216.4),(30,18,2,229.24),(258,5,1,77.34),(604,14,3,88.62),(708,11,1,76.82),(599,3,3,100.56),(923,14,1,98.2),(313,16,2,50.11),(678,16,5,111.04),(398,3,2,132.86),(464,3,1,72.95),(364,13,1,152.11),(312,11,5,233.62),(432,1,3,135.03),(648,13,5,180.55),(265,7,2,127.76),(780,11,1,178.94),(495,17,2,58.25),(720,1,5,54.23),(649,11,4,164.79),(919,7,2,141.22),(660,12,1,127.09),(201,9,1,216.72),(855,17,5,68.7),(450,20,4,249.55),(220,18,1,242.62),(922,14,3,186.16),(413,17,4,80.95),(53,10,4,90.82),(577,17,4,99.16),(219,14,5,124.44),(502,4,2,206.53),(171,5,3,237.35),(142,20,4,220.65),(820,4,1,201.26),(415,8,2,211.04),(931,2,3,117.44),(166,19,2,188.25),(782,9,4,215.97),(142,10,5,198.74),(99,5,1,245.98),(862,1,1,131.71),(941,17,5,84.77),(867,6,4,60.52),(482,19,2,235.52),(609,14,3,182.85),(93,7,1,50.19),(457,12,2,57),(407,16,2,216.05),(136,9,2,180.35),(449,17,5,230.47),(813,6,4,146.63),(968,4,3,168.62),(167,7,4,123.78),(443,8,5,184.51),(560,3,1,176.43),(436,12,5,189.61),(915,20,2,129.51),(162,20,5,95.36),(874,14,2,214.19),(70,9,4,93.04),(373,3,4,135.86),(815,2,5,76.06),(552,19,2,100.6),(820,1,3,67.74),(619,7,2,173.89),(644,4,1,53.11),(775,18,3,169.7),(702,13,2,78.71),(876,7,1,203.02),(577,9,3,196.29),(701,16,1,89.34),(574,17,5,146.93),(799,3,4,142.27),(108,7,1,215.38),(899,9,5,200.19),(2,15,3,238.16),(236,13,3,240.1),(945,9,4,138.82),(821,15,5,201.61),(706,19,1,193.76),(939,4,4,137.27),(595,17,1,98.07),(841,5,5,208.58),(734,6,4,186.42),(328,20,2,161.71),(515,18,1,102.4),(883,18,4,188.1),(144,1,5,104.69),(735,7,4,89.41),(480,12,2,112.35),(67,11,3,176.55),(383,2,1,150.41),(451,3,2,193.99),(742,2,3,143.66),(903,8,2,192.19),(836,8,5,119.61),(30,16,2,215.6),(953,12,4,79.19),(908,15,2,209.34),(253,8,5,193.43),(998,14,5,56.14),(484,11,5,170.42),(188,19,1,51.84),(153,12,1,63.74),(487,12,5,154.12),(96,6,3,237.06),(91,17,2,163.34),(892,17,3,183.44),(155,4,4,229.67),(655,17,2,159.51),(215,11,3,64.18),(23,13,5,61.05),(831,15,4,208.8),(760,6,1,96.15),(305,4,4,115.5),(706,5,4,80.21),(591,10,3,85.31),(26,13,2,58.79),(750,3,1,87.23),(983,7,5,70.87),(942,13,2,57.49),(480,9,4,233.59),(187,1,1,168.11),(477,13,2,89.69),(518,11,2,230.93),(794,3,3,150.98),(656,6,5,204.71),(929,5,5,55.17),(710,19,4,131.25),(319,10,4,228.97),(99,13,4,177.97),(187,8,4,119.91),(177,6,3,148.24),(408,6,5,204.61),(969,7,5,53.92),(241,9,2,198.02),(139,7,2,245.38),(967,16,1,233.52);
/*!40000 ALTER TABLE `transactiondetails` ENABLE KEYS */;
UNLOCK TABLES;

--
-- Table structure for table `transactions`
--

DROP TABLE IF EXISTS `transactions`;
/*!40101 SET @saved_cs_client     = @@character_set_client */;
/*!50503 SET character_set_client = utf8mb4 */;
CREATE TABLE `transactions` (
  `TransactionID` int NOT NULL,
  `Time` varchar(45) DEFAULT NULL,
  `Cashier` int NOT NULL,
  `PurchasingCustomer` int NOT NULL,
  PRIMARY KEY (`TransactionID`),
  KEY `fk_Transactions_Employee1_idx` (`Cashier`),
  KEY `fk_Transactions_Customers1_idx` (`PurchasingCustomer`),
  CONSTRAINT `fk_Transactions_Customers1` FOREIGN KEY (`PurchasingCustomer`) REFERENCES `customers` (`CustomerID`),
  CONSTRAINT `fk_Transactions_Employee1` FOREIGN KEY (`Cashier`) REFERENCES `employee` (`EmployeeID`)
) ENGINE=InnoDB DEFAULT CHARSET=utf8;
/*!40101 SET character_set_client = @saved_cs_client */;

--
-- Dumping data for table `transactions`
--

LOCK TABLES `transactions` WRITE;
/*!40000 ALTER TABLE `transactions` DISABLE KEYS */;
INSERT INTO `transactions` VALUES (1,'8/31/2020',100,535),(2,'7/21/2020',2,716),(3,'10/15/2020',97,603),(4,'8/7/2020',95,226),(5,'11/19/2019',17,78),(6,'5/3/2020',45,455),(7,'2/9/2020',75,40),(8,'11/26/2019',43,73),(9,'11/29/2019',13,242),(10,'4/22/2020',5,132),(11,'9/7/2020',17,422),(12,'4/17/2020',61,731),(13,'3/26/2020',78,699),(14,'9/2/2020',38,575),(15,'4/17/2020',1,168),(16,'5/13/2020',22,550),(17,'1/15/2020',50,401),(18,'6/29/2020',41,328),(19,'7/26/2020',99,361),(20,'11/23/2019',43,648),(21,'1/22/2020',75,493),(22,'10/21/2020',51,40),(23,'1/29/2020',77,345),(24,'8/25/2020',95,451),(25,'1/7/2020',25,615),(26,'11/18/2019',10,501),(27,'2/26/2020',16,629),(28,'11/6/2020',64,189),(29,'12/8/2019',18,371),(30,'11/2/2020',25,310),(31,'4/24/2020',78,123),(32,'10/9/2020',50,726),(33,'5/24/2020',91,483),(34,'6/20/2020',58,549),(35,'1/11/2020',54,365),(36,'8/13/2020',85,666),(37,'7/24/2020',18,323),(38,'2/24/2020',58,169),(39,'11/2/2020',59,300),(40,'9/7/2020',95,91),(41,'8/5/2020',29,606),(42,'2/16/2020',94,297),(43,'7/22/2020',89,536),(44,'7/5/2020',78,527),(45,'7/3/2020',67,95),(46,'1/24/2020',44,201),(47,'10/24/2020',100,192),(48,'9/25/2020',86,398),(49,'2/10/2020',74,486),(50,'6/20/2020',53,102),(51,'6/7/2020',87,626),(52,'6/14/2020',93,262),(53,'6/4/2020',71,267),(54,'7/31/2020',98,307),(55,'2/28/2020',87,632),(56,'2/18/2020',96,693),(57,'11/4/2020',29,3),(58,'1/18/2020',31,397),(59,'10/26/2020',86,742),(60,'4/19/2020',14,561),(61,'12/24/2019',68,775),(62,'11/24/2019',17,227),(63,'1/5/2020',29,489),(64,'12/30/2019',19,302),(65,'3/16/2020',13,274),(66,'3/7/2020',93,383),(67,'12/4/2019',96,281),(68,'9/21/2020',24,78),(69,'9/6/2020',70,490),(70,'2/27/2020',12,670),(71,'9/10/2020',60,133),(72,'6/18/2020',49,195),(73,'6/19/2020',78,531),(74,'12/1/2019',94,152),(75,'4/16/2020',13,419),(76,'9/3/2020',14,718),(77,'2/29/2020',80,219),(78,'1/31/2020',13,319),(79,'3/4/2020',21,172),(80,'9/19/2020',78,660),(81,'7/15/2020',63,190),(82,'5/29/2020',78,439),(83,'3/23/2020',87,788),(84,'9/20/2020',69,450),(85,'8/29/2020',6,322),(86,'5/23/2020',46,281),(87,'2/26/2020',91,721),(88,'3/7/2020',2,67),(89,'4/12/2020',9,635),(90,'3/16/2020',97,384),(91,'11/1/2020',46,747),(92,'6/9/2020',76,157),(93,'3/14/2020',90,550),(94,'12/26/2019',81,226),(95,'4/8/2020',27,744),(96,'9/29/2020',13,621),(97,'8/12/2020',66,450),(98,'11/1/2020',29,592),(99,'12/1/2019',85,235),(100,'6/4/2020',96,376),(101,'9/17/2020',8,501),(102,'5/22/2020',23,428),(103,'2/26/2020',87,597),(104,'5/5/2020',69,591),(105,'7/28/2020',19,781),(106,'8/23/2020',84,546),(107,'5/25/2020',4,375),(108,'6/20/2020',3,301),(109,'6/2/2020',3,104),(110,'9/18/2020',35,440),(111,'9/29/2020',21,366),(112,'7/30/2020',51,128),(113,'9/22/2020',29,552),(114,'12/12/2019',65,447),(115,'3/16/2020',1,133),(116,'12/21/2019',19,432),(117,'12/13/2019',99,453),(118,'1/28/2020',11,445),(119,'10/26/2020',89,679),(120,'6/14/2020',59,761),(121,'4/21/2020',59,690),(122,'9/4/2020',68,411),(123,'5/14/2020',74,138),(124,'9/19/2020',99,712),(125,'5/16/2020',77,649),(126,'10/24/2020',86,84),(127,'9/7/2020',70,584),(128,'11/19/2019',9,712),(129,'10/19/2020',98,125),(130,'2/14/2020',62,62),(131,'2/7/2020',44,75),(132,'10/31/2020',57,336),(133,'9/18/2020',37,434),(134,'3/6/2020',15,349),(135,'8/16/2020',83,398),(136,'12/22/2019',22,780),(137,'12/6/2019',82,637),(138,'12/15/2019',65,360),(139,'2/19/2020',24,153),(140,'6/26/2020',99,734),(141,'1/6/2020',29,484),(142,'2/26/2020',99,193),(143,'12/6/2019',79,768),(144,'10/18/2020',36,283),(145,'8/27/2020',77,25),(146,'4/28/2020',21,245),(147,'10/26/2020',11,68),(148,'1/22/2020',27,330),(149,'11/10/2020',2,664),(150,'3/23/2020',94,325),(151,'12/28/2019',11,695),(152,'4/18/2020',59,644),(153,'1/29/2020',66,178),(154,'7/31/2020',54,352),(155,'3/8/2020',60,176),(156,'1/4/2020',91,128),(157,'5/3/2020',24,623),(158,'1/20/2020',64,1),(159,'12/9/2019',7,554),(160,'11/27/2019',50,119),(161,'1/20/2020',33,409),(162,'9/27/2020',74,498),(163,'1/4/2020',79,388),(164,'3/1/2020',52,36),(165,'5/6/2020',5,617),(166,'6/13/2020',36,527),(167,'8/14/2020',88,610),(168,'9/20/2020',47,413),(169,'2/5/2020',51,82),(170,'7/7/2020',97,519),(171,'3/26/2020',55,587),(172,'6/18/2020',88,637),(173,'7/6/2020',73,534),(174,'3/21/2020',39,504),(175,'2/17/2020',57,412),(176,'2/28/2020',52,145),(177,'3/3/2020',93,383),(178,'6/5/2020',13,743),(179,'7/22/2020',63,35),(180,'4/29/2020',59,250),(181,'8/21/2020',67,125),(182,'5/12/2020',90,487),(183,'5/19/2020',1,416),(184,'4/27/2020',5,589),(185,'3/21/2020',82,316),(186,'5/7/2020',77,606),(187,'2/10/2020',100,708),(188,'4/21/2020',22,702),(189,'8/27/2020',59,333),(190,'7/5/2020',24,796),(191,'7/13/2020',67,83),(192,'4/7/2020',53,113),(193,'11/21/2019',90,325),(194,'3/6/2020',56,704),(195,'6/19/2020',29,580),(196,'11/4/2020',43,40),(197,'1/14/2020',28,637),(198,'5/18/2020',77,661),(199,'6/20/2020',13,448),(200,'10/13/2020',91,324),(201,'9/9/2020',74,79),(202,'10/19/2020',51,637),(203,'1/29/2020',49,508),(204,'10/12/2020',66,64),(205,'11/13/2019',5,614),(206,'12/6/2019',30,492),(207,'5/2/2020',2,62),(208,'7/25/2020',9,27),(209,'4/28/2020',28,518),(210,'7/17/2020',78,535),(211,'4/23/2020',17,284),(212,'8/9/2020',42,152),(213,'4/4/2020',79,191),(214,'8/26/2020',15,448),(215,'7/15/2020',37,177),(216,'3/28/2020',83,378),(217,'10/7/2020',85,422),(218,'8/14/2020',97,670),(219,'5/4/2020',40,499),(220,'2/1/2020',61,600),(221,'3/9/2020',76,215),(222,'12/31/2019',13,785),(223,'6/15/2020',81,312),(224,'7/15/2020',53,782),(225,'5/14/2020',58,719),(226,'4/16/2020',20,653),(227,'3/2/2020',80,24),(228,'6/10/2020',67,729),(229,'1/2/2020',69,515),(230,'10/16/2020',24,688),(231,'6/7/2020',52,649),(232,'1/18/2020',1,717),(233,'4/13/2020',20,17),(234,'10/31/2020',91,719),(235,'10/3/2020',9,538),(236,'5/28/2020',84,136),(237,'8/3/2020',48,68),(238,'8/1/2020',35,399),(239,'10/4/2020',89,565),(240,'11/15/2019',80,754),(241,'11/11/2020',32,235),(242,'8/20/2020',57,708),(243,'4/29/2020',22,529),(244,'3/6/2020',48,622),(245,'5/11/2020',18,236),(246,'12/31/2019',41,27),(247,'1/31/2020',59,215),(248,'5/14/2020',96,178),(249,'6/18/2020',5,658),(250,'2/12/2020',66,177),(251,'9/18/2020',27,184),(252,'2/1/2020',30,682),(253,'3/10/2020',39,88),(254,'3/6/2020',11,431),(255,'4/21/2020',71,340),(256,'1/20/2020',46,545),(257,'4/13/2020',55,367),(258,'6/30/2020',78,349),(259,'5/5/2020',24,308),(260,'5/31/2020',11,217),(261,'10/29/2020',8,463),(262,'11/3/2020',61,103),(263,'8/15/2020',97,360),(264,'5/25/2020',53,712),(265,'12/27/2019',26,526),(266,'3/4/2020',82,93),(267,'5/24/2020',70,492),(268,'1/26/2020',37,138),(269,'11/29/2019',24,354),(270,'3/23/2020',62,69),(271,'7/9/2020',55,693),(272,'9/19/2020',81,720),(273,'8/16/2020',19,614),(274,'5/16/2020',76,74),(275,'2/15/2020',81,130),(276,'5/7/2020',85,733),(277,'1/1/2020',43,436),(278,'5/26/2020',99,551),(279,'9/19/2020',52,799),(280,'8/17/2020',74,607),(281,'8/23/2020',61,54),(282,'5/5/2020',57,144),(283,'1/28/2020',45,731),(284,'11/3/2020',92,68),(285,'11/28/2019',11,461),(286,'1/2/2020',82,713),(287,'8/7/2020',16,641),(288,'7/3/2020',29,560),(289,'6/1/2020',83,305),(290,'5/5/2020',67,599),(291,'1/21/2020',60,103),(292,'5/7/2020',66,352),(293,'1/30/2020',19,498),(294,'8/27/2020',31,194),(295,'11/15/2019',23,791),(296,'1/24/2020',88,547),(297,'6/10/2020',49,135),(298,'12/7/2019',61,206),(299,'4/13/2020',47,530),(300,'11/20/2019',82,144),(301,'1/31/2020',66,75),(302,'2/26/2020',28,587),(303,'6/4/2020',6,100),(304,'9/8/2020',90,89),(305,'2/5/2020',73,474),(306,'12/20/2019',77,145),(307,'6/14/2020',11,146),(308,'3/17/2020',10,698),(309,'7/28/2020',13,563),(310,'4/1/2020',51,526),(311,'9/24/2020',84,757),(312,'10/24/2020',75,572),(313,'3/30/2020',87,63),(314,'9/16/2020',43,400),(315,'3/20/2020',71,268),(316,'2/10/2020',13,70),(317,'10/29/2020',42,668),(318,'4/11/2020',18,607),(319,'9/20/2020',19,144),(320,'6/26/2020',81,462),(321,'6/18/2020',52,730),(322,'7/8/2020',62,298),(323,'1/26/2020',82,284),(324,'3/31/2020',91,710),(325,'4/11/2020',46,180),(326,'12/17/2019',48,232),(327,'5/3/2020',65,148),(328,'1/9/2020',52,574),(329,'8/26/2020',11,642),(330,'3/29/2020',94,361),(331,'9/13/2020',90,23),(332,'10/20/2020',76,9),(333,'7/1/2020',6,707),(334,'5/7/2020',77,402),(335,'7/27/2020',17,71),(336,'12/30/2019',10,455),(337,'9/19/2020',60,521),(338,'2/3/2020',97,773),(339,'2/13/2020',93,415),(340,'6/25/2020',90,370),(341,'11/18/2019',65,274),(342,'9/20/2020',82,513),(343,'5/16/2020',69,537),(344,'10/21/2020',88,646),(345,'10/25/2020',74,202),(346,'6/24/2020',16,390),(347,'7/18/2020',11,475),(348,'9/27/2020',92,265),(349,'9/8/2020',3,424),(350,'8/16/2020',92,437),(351,'10/30/2020',22,300),(352,'11/1/2020',61,459),(353,'7/25/2020',13,289),(354,'7/13/2020',58,569),(355,'12/19/2019',11,292),(356,'6/9/2020',50,468),(357,'5/14/2020',59,724),(358,'7/8/2020',11,58),(359,'11/8/2020',72,486),(360,'1/18/2020',85,748),(361,'11/2/2020',11,117),(362,'5/24/2020',71,707),(363,'9/30/2020',14,480),(364,'10/29/2020',35,274),(365,'5/4/2020',47,544),(366,'7/25/2020',55,641),(367,'6/19/2020',5,779),(368,'8/24/2020',43,483),(369,'7/26/2020',89,39),(370,'2/5/2020',33,122),(371,'7/2/2020',6,349),(372,'10/29/2020',66,581),(373,'1/7/2020',53,420),(374,'5/6/2020',71,342),(375,'2/9/2020',42,409),(376,'1/14/2020',84,122),(377,'3/10/2020',41,317),(378,'2/12/2020',59,121),(379,'7/18/2020',99,280),(380,'9/15/2020',25,40),(381,'8/1/2020',66,466),(382,'2/20/2020',63,441),(383,'7/19/2020',34,423),(384,'11/11/2020',53,773),(385,'8/13/2020',86,790),(386,'1/20/2020',50,87),(387,'9/16/2020',58,105),(388,'5/8/2020',52,313),(389,'8/27/2020',26,379),(390,'7/20/2020',83,575),(391,'7/2/2020',34,669),(392,'1/16/2020',12,429),(393,'1/30/2020',78,381),(394,'12/12/2019',69,10),(395,'11/2/2020',14,282),(396,'7/10/2020',20,138),(397,'3/15/2020',62,477),(398,'8/5/2020',29,127),(399,'9/8/2020',100,743),(400,'10/11/2020',80,738),(401,'11/11/2020',42,489),(402,'7/22/2020',95,787),(403,'3/10/2020',83,434),(404,'11/14/2019',84,116),(405,'10/8/2020',1,57),(406,'9/9/2020',96,787),(407,'6/28/2020',1,559),(408,'5/17/2020',92,387),(409,'3/23/2020',64,526),(410,'12/27/2019',90,695),(411,'4/20/2020',29,566),(412,'7/20/2020',17,283),(413,'8/29/2020',100,760),(414,'11/25/2019',59,82),(415,'6/5/2020',54,771),(416,'9/17/2020',62,634),(417,'11/9/2020',88,64),(418,'12/10/2019',8,573),(419,'11/13/2019',10,637),(420,'4/22/2020',93,615),(421,'6/6/2020',30,251),(422,'3/29/2020',87,355),(423,'10/30/2020',91,489),(424,'5/17/2020',54,88),(425,'4/1/2020',17,235),(426,'10/27/2020',3,57),(427,'8/8/2020',62,274),(428,'7/31/2020',12,254),(429,'8/15/2020',40,173),(430,'5/18/2020',35,60),(431,'8/13/2020',61,200),(432,'4/7/2020',83,95),(433,'1/2/2020',50,512),(434,'12/18/2019',64,104),(435,'5/3/2020',1,97),(436,'8/7/2020',63,206),(437,'3/22/2020',76,622),(438,'10/13/2020',26,186),(439,'5/9/2020',42,288),(440,'10/22/2020',96,445),(441,'2/14/2020',3,429),(442,'9/14/2020',10,594),(443,'9/21/2020',44,307),(444,'12/20/2019',21,752),(445,'3/7/2020',24,678),(446,'11/11/2020',58,694),(447,'12/30/2019',42,520),(448,'1/7/2020',47,72),(449,'9/10/2020',42,39),(450,'9/7/2020',31,402),(451,'7/4/2020',11,786),(452,'10/7/2020',93,550),(453,'9/26/2020',74,146),(454,'6/4/2020',64,246),(455,'9/27/2020',55,277),(456,'5/30/2020',72,195),(457,'1/15/2020',96,382),(458,'11/20/2019',28,597),(459,'11/19/2019',13,281),(460,'4/19/2020',69,252),(461,'7/14/2020',2,404),(462,'12/6/2019',88,697),(463,'5/18/2020',58,19),(464,'6/12/2020',84,6),(465,'10/15/2020',50,81),(466,'7/27/2020',42,168),(467,'7/18/2020',86,648),(468,'11/8/2020',44,791),(469,'7/22/2020',80,436),(470,'12/31/2019',39,417),(471,'4/12/2020',65,555),(472,'10/30/2020',100,529),(473,'5/10/2020',52,169),(474,'9/7/2020',47,242),(475,'7/4/2020',50,613),(476,'10/11/2020',54,311),(477,'5/7/2020',31,271),(478,'8/19/2020',60,672),(479,'3/24/2020',50,199),(480,'4/18/2020',92,43),(481,'2/28/2020',88,538),(482,'5/14/2020',73,173),(483,'1/7/2020',74,244),(484,'1/19/2020',62,466),(485,'7/22/2020',22,702),(486,'6/28/2020',73,573),(487,'9/11/2020',18,486),(488,'9/7/2020',44,466),(489,'6/17/2020',80,418),(490,'2/4/2020',51,394),(491,'10/28/2020',59,379),(492,'4/13/2020',8,159),(493,'4/9/2020',100,437),(494,'8/21/2020',15,79),(495,'5/4/2020',55,545),(496,'7/7/2020',45,502),(497,'6/21/2020',10,752),(498,'10/13/2020',12,437),(499,'1/5/2020',18,575),(500,'4/16/2020',31,366),(501,'5/4/2020',38,494),(502,'2/2/2020',87,725),(503,'1/7/2020',82,169),(504,'2/3/2020',64,508),(505,'3/31/2020',80,142),(506,'4/7/2020',51,688),(507,'11/1/2020',13,721),(508,'4/26/2020',26,595),(509,'10/3/2020',90,193),(510,'12/6/2019',77,361),(511,'9/11/2020',81,103),(512,'4/25/2020',72,798),(513,'6/23/2020',47,66),(514,'12/22/2019',79,709),(515,'3/12/2020',34,189),(516,'7/5/2020',23,83),(517,'3/31/2020',76,718),(518,'5/1/2020',75,590),(519,'5/13/2020',78,690),(520,'6/21/2020',99,57),(521,'3/21/2020',24,260),(522,'6/29/2020',69,13),(523,'8/23/2020',8,102),(524,'6/26/2020',25,474),(525,'5/21/2020',79,41),(526,'10/9/2020',87,288),(527,'5/12/2020',2,472),(528,'7/19/2020',73,241),(529,'2/4/2020',62,692),(530,'2/18/2020',52,221),(531,'5/25/2020',88,562),(532,'2/1/2020',39,213),(533,'2/26/2020',82,678),(534,'7/13/2020',97,458),(535,'11/29/2019',98,50),(536,'3/12/2020',62,12),(537,'7/13/2020',59,271),(538,'5/21/2020',98,578),(539,'7/6/2020',94,179),(540,'12/24/2019',97,650),(541,'9/25/2020',60,333),(542,'7/9/2020',21,465),(543,'12/27/2019',66,466),(544,'7/16/2020',93,388),(545,'5/10/2020',33,738),(546,'3/20/2020',31,294),(547,'5/16/2020',77,507),(548,'6/12/2020',90,444),(549,'5/29/2020',4,657),(550,'1/25/2020',93,716),(551,'6/3/2020',23,672),(552,'10/25/2020',87,270),(553,'12/10/2019',8,41),(554,'12/10/2019',95,570),(555,'4/28/2020',71,13),(556,'8/21/2020',34,455),(557,'7/3/2020',78,97),(558,'5/9/2020',58,719),(559,'9/30/2020',92,432),(560,'10/21/2020',4,331),(561,'7/14/2020',17,646),(562,'9/5/2020',91,593),(563,'7/30/2020',10,335),(564,'8/17/2020',4,575),(565,'12/24/2019',72,301),(566,'5/8/2020',8,483),(567,'10/12/2020',50,140),(568,'3/20/2020',37,543),(569,'10/27/2020',30,44),(570,'10/17/2020',34,741),(571,'6/30/2020',87,412),(572,'4/13/2020',46,441),(573,'4/12/2020',51,340),(574,'3/9/2020',37,537),(575,'7/10/2020',46,369),(576,'10/26/2020',24,321),(577,'8/8/2020',24,449),(578,'8/29/2020',17,470),(579,'8/20/2020',36,735),(580,'5/28/2020',40,578),(581,'4/16/2020',72,293),(582,'8/2/2020',29,689),(583,'10/4/2020',89,393),(584,'10/6/2020',90,337),(585,'2/6/2020',1,684),(586,'8/25/2020',71,275),(587,'2/23/2020',43,129),(588,'9/6/2020',78,749),(589,'12/30/2019',96,629),(590,'9/10/2020',73,297),(591,'7/10/2020',38,441),(592,'7/17/2020',57,121),(593,'9/1/2020',44,178),(594,'9/9/2020',48,37),(595,'10/3/2020',22,455),(596,'10/17/2020',16,248),(597,'12/2/2019',57,47),(598,'4/20/2020',33,417),(599,'6/24/2020',86,39),(600,'3/11/2020',19,684),(601,'3/30/2020',48,421),(602,'7/29/2020',29,755),(603,'7/13/2020',15,216),(604,'4/22/2020',48,215),(605,'11/24/2019',42,718),(606,'5/10/2020',16,572),(607,'2/17/2020',52,328),(608,'11/29/2019',61,89),(609,'10/10/2020',66,671),(610,'5/2/2020',30,23),(611,'9/6/2020',23,677),(612,'12/7/2019',71,188),(613,'8/17/2020',10,593),(614,'3/28/2020',44,736),(615,'1/22/2020',3,566),(616,'1/30/2020',88,659),(617,'4/9/2020',69,457),(618,'1/1/2020',88,529),(619,'9/8/2020',31,716),(620,'6/6/2020',62,603),(621,'11/25/2019',11,363),(622,'2/11/2020',50,470),(623,'9/27/2020',81,276),(624,'10/3/2020',48,599),(625,'12/22/2019',50,764),(626,'8/8/2020',11,684),(627,'12/25/2019',68,485),(628,'9/5/2020',25,156),(629,'3/17/2020',26,254),(630,'2/4/2020',52,272),(631,'4/14/2020',52,409),(632,'6/10/2020',13,753),(633,'2/27/2020',71,566),(634,'8/12/2020',72,294),(635,'4/13/2020',28,483),(636,'10/31/2020',37,151),(637,'8/27/2020',25,492),(638,'7/21/2020',65,302),(639,'2/29/2020',90,74),(640,'4/18/2020',36,187),(641,'6/9/2020',8,523),(642,'8/14/2020',1,295),(643,'7/20/2020',95,325),(644,'6/30/2020',67,468),(645,'4/17/2020',39,366),(646,'2/10/2020',13,23),(647,'4/16/2020',15,437),(648,'5/31/2020',72,631),(649,'10/17/2020',70,24),(650,'9/22/2020',29,190),(651,'11/16/2019',55,682),(652,'8/16/2020',6,18),(653,'3/15/2020',13,504),(654,'8/8/2020',96,335),(655,'4/2/2020',83,277),(656,'6/29/2020',41,644),(657,'11/20/2019',13,609),(658,'4/12/2020',30,759),(659,'11/29/2019',9,595),(660,'2/6/2020',51,85),(661,'6/12/2020',85,111),(662,'10/19/2020',65,278),(663,'12/12/2019',86,307),(664,'4/12/2020',75,201),(665,'6/14/2020',26,58),(666,'12/27/2019',46,534),(667,'12/12/2019',71,376),(668,'2/16/2020',97,684),(669,'2/23/2020',3,370),(670,'5/27/2020',22,212),(671,'12/22/2019',93,57),(672,'11/3/2020',45,464),(673,'6/14/2020',23,371),(674,'11/23/2019',60,87),(675,'6/7/2020',23,451),(676,'11/15/2019',58,558),(677,'6/9/2020',39,540),(678,'8/26/2020',65,253),(679,'7/1/2020',17,169),(680,'9/29/2020',43,691),(681,'8/20/2020',90,631),(682,'6/7/2020',45,190),(683,'12/11/2019',13,241),(684,'8/4/2020',43,311),(685,'1/8/2020',93,455),(686,'5/5/2020',9,191),(687,'3/29/2020',85,25),(688,'8/11/2020',96,3),(689,'3/19/2020',22,679),(690,'3/11/2020',85,718),(691,'1/5/2020',93,180),(692,'5/20/2020',51,238),(693,'10/11/2020',92,766),(694,'8/13/2020',13,535),(695,'5/1/2020',72,488),(696,'11/8/2020',79,633),(697,'11/20/2019',26,705),(698,'10/31/2020',23,453),(699,'12/7/2019',63,705),(700,'1/23/2020',95,566),(701,'3/13/2020',86,714),(702,'2/8/2020',90,633),(703,'1/6/2020',89,277),(704,'10/2/2020',56,408),(705,'8/17/2020',61,790),(706,'5/14/2020',68,381),(707,'9/15/2020',80,58),(708,'10/27/2020',78,68),(709,'12/31/2019',82,557),(710,'4/4/2020',95,114),(711,'6/16/2020',37,595),(712,'6/14/2020',4,711),(713,'3/24/2020',44,708),(714,'7/4/2020',40,69),(715,'4/4/2020',32,80),(716,'12/16/2019',73,566),(717,'12/11/2019',60,125),(718,'2/9/2020',45,86),(719,'1/14/2020',11,481),(720,'9/9/2020',50,387),(721,'3/17/2020',37,290),(722,'4/3/2020',86,305),(723,'5/17/2020',34,484),(724,'6/18/2020',21,88),(725,'9/1/2020',21,87),(726,'3/8/2020',24,621),(727,'11/6/2020',1,786),(728,'2/11/2020',40,183),(729,'8/15/2020',47,65),(730,'2/2/2020',1,155),(731,'11/19/2019',40,379),(732,'9/10/2020',36,663),(733,'4/28/2020',50,115),(734,'12/29/2019',7,544),(735,'8/22/2020',83,108),(736,'5/20/2020',41,431),(737,'10/1/2020',90,670),(738,'7/14/2020',79,50),(739,'1/18/2020',49,141),(740,'5/26/2020',91,309),(741,'6/4/2020',79,710),(742,'2/5/2020',5,497),(743,'2/13/2020',67,187),(744,'12/19/2019',27,409),(745,'2/10/2020',34,72),(746,'10/7/2020',55,410),(747,'1/22/2020',33,138),(748,'2/19/2020',91,488),(749,'4/13/2020',46,317),(750,'11/23/2019',98,285),(751,'1/17/2020',4,187),(752,'1/28/2020',34,425),(753,'1/27/2020',16,706),(754,'3/28/2020',32,782),(755,'12/13/2019',14,416),(756,'10/10/2020',36,14),(757,'5/4/2020',6,75),(758,'7/22/2020',21,178),(759,'9/17/2020',90,248),(760,'2/16/2020',5,579),(761,'7/18/2020',90,356),(762,'4/22/2020',34,87),(763,'3/12/2020',94,56),(764,'6/19/2020',100,657),(765,'11/18/2019',87,265),(766,'1/12/2020',26,490),(767,'7/22/2020',66,416),(768,'3/20/2020',28,618),(769,'1/17/2020',82,711),(770,'2/8/2020',36,626),(771,'4/7/2020',31,340),(772,'7/28/2020',13,154),(773,'12/13/2019',14,108),(774,'7/26/2020',78,788),(775,'2/5/2020',6,390),(776,'9/20/2020',80,146),(777,'3/30/2020',14,494),(778,'12/23/2019',34,515),(779,'7/25/2020',2,210),(780,'2/8/2020',4,247),(781,'5/14/2020',14,47),(782,'10/29/2020',43,303),(783,'11/19/2019',40,414),(784,'12/16/2019',89,462),(785,'2/10/2020',86,393),(786,'1/9/2020',61,338),(787,'4/30/2020',14,89),(788,'12/12/2019',82,251),(789,'5/26/2020',93,45),(790,'4/8/2020',81,762),(791,'6/1/2020',8,678),(792,'7/6/2020',75,417),(793,'10/7/2020',50,257),(794,'2/24/2020',8,127),(795,'3/28/2020',95,714),(796,'6/15/2020',13,695),(797,'4/30/2020',86,309),(798,'8/31/2020',28,673),(799,'3/22/2020',67,16),(800,'1/6/2020',96,561),(801,'3/2/2020',26,614),(802,'5/8/2020',43,712),(803,'11/30/2019',81,406),(804,'2/29/2020',54,195),(805,'6/15/2020',23,52),(806,'7/3/2020',41,582),(807,'8/18/2020',86,608),(808,'2/24/2020',59,367),(809,'4/26/2020',79,406),(810,'4/18/2020',8,464),(811,'11/17/2019',69,12),(812,'2/12/2020',87,72),(813,'11/24/2019',32,261),(814,'1/1/2020',78,103),(815,'2/28/2020',19,634),(816,'4/26/2020',80,254),(817,'6/17/2020',36,761),(818,'8/15/2020',46,694),(819,'3/1/2020',96,501),(820,'12/10/2019',28,108),(821,'6/14/2020',47,357),(822,'4/5/2020',77,256),(823,'2/9/2020',62,173),(824,'2/3/2020',8,344),(825,'7/13/2020',9,743),(826,'1/4/2020',24,509),(827,'9/17/2020',10,619),(828,'4/7/2020',43,469),(829,'2/1/2020',49,423),(830,'11/9/2020',63,519),(831,'3/5/2020',27,720),(832,'9/16/2020',82,402),(833,'8/8/2020',36,592),(834,'11/7/2020',92,601),(835,'6/6/2020',48,189),(836,'12/12/2019',35,337),(837,'8/16/2020',45,408),(838,'3/15/2020',69,189),(839,'4/23/2020',16,580),(840,'5/20/2020',76,484),(841,'8/27/2020',3,191),(842,'3/10/2020',62,451),(843,'11/20/2019',50,118),(844,'11/25/2019',23,737),(845,'9/5/2020',98,625),(846,'1/26/2020',89,361),(847,'2/21/2020',24,122),(848,'2/21/2020',19,7),(849,'8/28/2020',96,400),(850,'7/21/2020',1,211),(851,'10/8/2020',19,343),(852,'8/13/2020',20,94),(853,'4/11/2020',7,460),(854,'9/16/2020',26,319),(855,'1/4/2020',12,43),(856,'10/11/2020',29,502),(857,'5/11/2020',26,346),(858,'12/26/2019',77,567),(859,'2/24/2020',29,59),(860,'9/23/2020',73,284),(861,'5/31/2020',67,487),(862,'11/9/2020',40,706),(863,'7/10/2020',77,419),(864,'7/16/2020',13,753),(865,'10/20/2020',30,514),(866,'12/10/2019',95,398),(867,'9/4/2020',88,344),(868,'6/24/2020',67,78),(869,'8/21/2020',51,695),(870,'12/10/2019',61,464),(871,'9/12/2020',82,602),(872,'4/20/2020',59,557),(873,'2/15/2020',53,785),(874,'3/28/2020',11,154),(875,'12/27/2019',73,765),(876,'2/3/2020',30,83),(877,'1/3/2020',88,42),(878,'12/28/2019',13,283),(879,'3/21/2020',73,125),(880,'8/3/2020',78,109),(881,'8/12/2020',71,628),(882,'4/7/2020',4,373),(883,'3/21/2020',67,185),(884,'5/29/2020',27,227),(885,'9/30/2020',23,416),(886,'6/15/2020',94,133),(887,'7/23/2020',65,788),(888,'5/27/2020',13,431),(889,'9/19/2020',21,368),(890,'2/20/2020',28,84),(891,'7/28/2020',32,97),(892,'11/11/2020',84,446),(893,'1/11/2020',65,119),(894,'8/19/2020',36,180),(895,'7/15/2020',59,5),(896,'4/30/2020',22,537),(897,'4/22/2020',8,800),(898,'3/26/2020',28,37),(899,'11/12/2020',24,388),(900,'9/11/2020',75,538),(901,'4/23/2020',23,421),(902,'1/18/2020',74,407),(903,'6/25/2020',61,762),(904,'10/21/2020',13,138),(905,'8/27/2020',30,670),(906,'9/20/2020',25,505),(907,'5/9/2020',4,788),(908,'3/10/2020',90,131),(909,'5/17/2020',75,58),(910,'1/10/2020',28,86),(911,'4/9/2020',71,519),(912,'8/2/2020',25,611),(913,'1/13/2020',66,490),(914,'3/23/2020',17,611),(915,'4/27/2020',86,199),(916,'1/12/2020',47,788),(917,'1/29/2020',42,368),(918,'4/16/2020',29,17),(919,'12/6/2019',81,726),(920,'3/19/2020',95,141),(921,'5/19/2020',10,394),(922,'12/11/2019',35,228),(923,'1/19/2020',80,412),(924,'7/29/2020',68,335),(925,'7/12/2020',32,522),(926,'7/10/2020',58,93),(927,'6/29/2020',53,131),(928,'5/19/2020',6,345),(929,'7/29/2020',55,327),(930,'10/25/2020',43,147),(931,'4/14/2020',93,772),(932,'12/30/2019',59,51),(933,'6/28/2020',84,218),(934,'2/17/2020',3,744),(935,'7/7/2020',20,542),(936,'4/9/2020',43,644),(937,'7/22/2020',43,588),(938,'9/2/2020',26,683),(939,'6/15/2020',71,737),(940,'8/10/2020',74,515),(941,'12/4/2019',69,311),(942,'8/27/2020',54,156),(943,'10/6/2020',11,84),(944,'10/26/2020',100,738),(945,'10/24/2020',34,371),(946,'2/14/2020',73,605),(947,'11/21/2019',36,40),(948,'4/17/2020',75,308),(949,'7/3/2020',58,196),(950,'10/17/2020',95,93),(951,'8/12/2020',10,141),(952,'7/29/2020',19,141),(953,'1/7/2020',86,528),(954,'9/26/2020',4,106),(955,'10/1/2020',1,56),(956,'7/11/2020',19,641),(957,'2/16/2020',11,506),(958,'9/13/2020',41,420),(959,'9/29/2020',14,793),(960,'5/7/2020',30,48),(961,'8/28/2020',8,290),(962,'3/19/2020',79,501),(963,'5/25/2020',91,710),(964,'12/1/2019',93,491),(965,'7/15/2020',66,279),(966,'11/22/2019',53,536),(967,'4/25/2020',26,533),(968,'11/24/2019',25,445),(969,'12/2/2019',68,215),(970,'8/30/2020',6,786),(971,'5/26/2020',74,277),(972,'10/10/2020',54,719),(973,'9/1/2020',98,567),(974,'7/29/2020',28,577),(975,'1/5/2020',72,121),(976,'9/7/2020',56,80),(977,'3/31/2020',16,355),(978,'11/29/2019',10,752),(979,'12/22/2019',22,191),(980,'12/8/2019',23,546),(981,'9/5/2020',67,273),(982,'4/22/2020',58,4),(983,'1/2/2020',15,724),(984,'3/17/2020',18,68),(985,'12/29/2019',12,442),(986,'12/27/2019',21,791),(987,'12/21/2019',27,362),(988,'12/12/2019',52,737),(989,'10/28/2020',27,189),(990,'3/16/2020',21,237),(991,'1/20/2020',7,558),(992,'4/7/2020',100,698),(993,'2/7/2020',96,114),(994,'11/3/2020',8,421),(995,'1/24/2020',91,692),(996,'6/10/2020',96,746),(997,'10/11/2020',38,711),(998,'6/8/2020',5,178),(999,'5/8/2020',70,564),(1000,'4/1/2020',26,487);
/*!40000 ALTER TABLE `transactions` ENABLE KEYS */;
UNLOCK TABLES;

--
-- Table structure for table `vendors`
--

DROP TABLE IF EXISTS `vendors`;
/*!40101 SET @saved_cs_client     = @@character_set_client */;
/*!50503 SET character_set_client = utf8mb4 */;
CREATE TABLE `vendors` (
  `VendorID` int NOT NULL,
  `VendorName` varchar(45) DEFAULT NULL,
  `ContactName` varchar(45) DEFAULT NULL,
  `Phone` varchar(45) DEFAULT NULL,
  `State` varchar(45) DEFAULT NULL,
  `Email` varchar(45) DEFAULT NULL,
  PRIMARY KEY (`VendorID`)
) ENGINE=InnoDB DEFAULT CHARSET=utf8;
/*!40101 SET character_set_client = @saved_cs_client */;

--
-- Dumping data for table `vendors`
--

LOCK TABLES `vendors` WRITE;
/*!40000 ALTER TABLE `vendors` DISABLE KEYS */;
INSERT INTO `vendors` VALUES (1,'Lockman, Leuschke and Corkery','Lane Jarad','315-433-0652','NY','ljarad0@a8.net'),(2,'Rodriguez-Schulist','Bettye Sherrocks','352-369-1243','FL','bsherrocks1@blog.com'),(3,'Dietrich and Sons','Merrick Capehorn','954-345-8212','FL','mcapehorn2@imageshack.us'),(4,'Schaden, Wunsch and Keeling','Rosa Pallaske','804-163-5898','VA','rpallaske3@zimbio.com'),(5,'Orn, Emmerich and Hoppe','Montgomery Hartzogs','405-813-6696','OK','mhartzogs4@illinois.edu'),(6,'Miller-Homenick','Jobey Philippet','847-608-7349','IL','jphilippet5@go.com'),(7,'Koelpin-Langworth','Melisande Shiel','415-905-8792','CA','mshiel6@redcross.org'),(8,'Bailey, Lemke and Gislason','Max Buff','912-386-8875','GA','mbuff7@shareasale.com'),(9,'Feest, Bauch and Kling','Tracy Heads','503-831-8743','OR','theads8@icq.com'),(10,'Fay LLC','Rey Kmicicki','248-867-6201','MI','rkmicicki9@tumblr.com');
/*!40000 ALTER TABLE `vendors` ENABLE KEYS */;
UNLOCK TABLES;
/*!40103 SET TIME_ZONE=@OLD_TIME_ZONE */;

/*!40101 SET SQL_MODE=@OLD_SQL_MODE */;
/*!40014 SET FOREIGN_KEY_CHECKS=@OLD_FOREIGN_KEY_CHECKS */;
/*!40014 SET UNIQUE_CHECKS=@OLD_UNIQUE_CHECKS */;
/*!40101 SET CHARACTER_SET_CLIENT=@OLD_CHARACTER_SET_CLIENT */;
/*!40101 SET CHARACTER_SET_RESULTS=@OLD_CHARACTER_SET_RESULTS */;
/*!40101 SET COLLATION_CONNECTION=@OLD_COLLATION_CONNECTION */;
/*!40111 SET SQL_NOTES=@OLD_SQL_NOTES */;

-- Dump completed on 2020-11-14 12:18:07
